time,plastic_strain,strain_xy,stress_xx,stress_xy,stress_xz,stress_yy,stress_yz,stress_zz
0,0,0,0,0,0,0,0,0
0.01,0,9.9999998e-05,3.8663267651087e-06,0.039177973515329,-4.2908731532492e-19,-2.2155527048892e-06,2.7600567528804e-23,3.3407230519179e-07
0.02,0,0.000199999992,1.5568248133286e-05,0.078355945638911,-8.5817461777465e-19,-1.2266700012847e-05,1.3129490008721e-22,6.6814461038357e-07
0.03,0,0.000299999978,3.5105763669472e-05,0.11753391480363,1.0727182170141e-18,-3.0153441488813e-05,-2.0575548560262e-22,1.0022169155754e-06
0.04,0,0.000399999952,6.247887262518e-05,0.15671187944236,-1.7163490737064e-18,-5.5875776384302e-05,5.1348448751768e-22,1.3362892207671e-06
0.05,0,0.00049999991,9.7687573938502e-05,0.19588983798798,1.0727181051323e-17,-8.9433703637404e-05,-3.9647604353625e-21,1.6703615259589e-06
0.06,0,0.00059999984800001,0.0001407318662341,0.23506778887339,-4.2908717175129e-18,-0.00013082722187279,1.7359210033495e-21,2.0044338311507e-06
0.07,0,0.00069999976200002,0.00019161174782323,0.27424573053145,-3.4326971865631e-18,-0.0001800563294017,1.7115867460705e-21,2.3385061363425e-06
0.08,0,0.00079999964800005,0.00025032721670371,0.31342366139506,-3.4326969982409e-18,-0.00023712102422195,2.0548564561689e-21,2.6725784415343e-06
0.09,0,0.00089999950200008,0.00031687827055992,0.35260157989709,6.8653928019584e-18,-0.00030202130401794,-4.6358106876864e-21,3.0066507467261e-06
0.1,0,0.00099999932000014,0.00039126490676285,0.39177948447043,2.1454350462679e-17,-0.00037475716616065,-1.6415383080497e-20,3.3407230519179e-06
0.11,0,0.0010999990980002,0.00047348712237004,0.43095737354797,3.4326973614296e-18,-0.00045532860770763,-3.4638908814589e-21,3.6747953571096e-06
0.12,0,0.0011999988320003,0.00056354491412563,0.47013524556258,4.2908707231233e-18,-0.000543735625403,-4.5924317980855e-21,4.0088676623014e-06
0.13,0,0.0012999985180005,0.00066143827846031,0.50931309894715,2.4259612920085e-24,-0.00063997821567746,-7.6331349132403e-22,4.3429399674932e-06
0.14,0,0.0013999981520007,0.00076716721149138,0.54849093213456,-1.8879812187812e-17,-0.0007440563746483,1.9432926313875e-20,4.677012272685e-06
0.15,0,0.001499997730001,0.00088073170902267,0.58766874355772,-3.089423494402e-17,-0.00085597009811938,3.5102237442008e-20,5.0110845778768e-06
0.16,0,0.0015999972480014,0.0010021317665446,0.62684653164949,-6.8653873412338e-18,-0.00097571938158112,8.770647333466e-21,5.3451568830686e-06
0.17,0,0.0016999967020019,0.0011313673792343,0.66602429484278,1.7163451486871e-17,-0.0011033042202106,-2.182217965565e-20,5.6792291882604e-06
0.18,0,0.0017999960880026,0.0012684385419552,0.70520203157046,-5.1490371959957e-18,-0.0012387246088713,7.2322122354342e-21,6.0133014934521e-06
0.19,0,0.0018999954020033,0.0014133452492576,0.74437974026544,6.8653759324438e-18,-0.0013819805421134,-9.7509172804335e-21,6.3473737986439e-06
0.2,0,0.0019999946400043,0.0015660874953781,0.78355741936059,3.4326866912312e-18,-0.0015330720141737,-5.1725384367493e-21,6.6814461038357e-06
0.21,0,0.0020999937980055,0.0017266652742402,0.82273506728882,1.5447091214064e-17,-0.0016919990189756,-2.487218786803e-20,7.0155184090275e-06
0.22,0,0.0021999928720069,0.0018950785794537,0.86191268248302,-8.5817135851633e-18,-0.0018587615501289,1.415421003567e-20,7.3495907142193e-06
0.23,0,0.0022999918580087,0.0020713274043151,0.90109026337609,3.7759533412536e-17,-0.0020333596009301,-6.6815844866511e-20,7.6836630194111e-06
0.24,0,0.0023999907520107,0.0022554117418075,0.94026780840091,6.865373936038e-18,-0.0022157931643622,-1.3650350180228e-20,8.0177353246029e-06
0.25,0,0.0024999895500131,0.0024473315846004,0.9794453159904,-3.4326744771437e-18,-0.002406062233095,5.4400266059129e-21,8.3518076297946e-06
0.26,0,0.002599988248016,0.0026470869250503,1.0186227845774,-6.6937272413808e-17,-0.0026041667994845,1.3265225408024e-19,8.6858799349864e-06
0.27,0,0.0026999868420193,0.0028546777551997,1.0578002125949,1.7163391599992e-17,-0.0028101068555738,-3.5173847029526e-20,9.0199522401782e-06
0.28,0,0.0027999853280231,0.0030701040667781,1.0969775984758,-5.1490175292855e-17,-0.003023882393092,1.1088450675725e-19,9.35402454537e-06
0.29,0,0.0028999837020275,0.0032933658512016,1.1361549406529,-2.7461427276979e-17,-0.0032454934034552,6.2454048757756e-20,9.6880968505618e-06
0.3,0,0.0029999819600326,0.0035244630995725,1.1753322375593,-5.8355496944574e-17,-0.0034749398777659,1.3647736948047e-19,1.0022169155754e-05
0.31,0,0.0030999800980384,0.0037633958026801,1.2145094876276,-1.0298053820717e-17,-0.0037122218068133,2.7720651447052e-20,1.0356241460945e-05
0.32,0,0.003199978112045,0.0040101639510001,1.253686689291,3.4326683137843e-17,-0.0039573391810731,-8.1107825085625e-20,1.0690313766137e-05
0.33,0,0.0032999759980524,0.0042647675346947,1.2928638409823,1.029798382772e-17,-0.0042102919907074,-2.352771003255e-20,1.1024386071329e-05
0.34,0,0.0033999737520608,0.0045272065436128,1.3320409411344,-1.0298028880523e-17,-0.0044710802255653,2.9332009483972e-20,1.1358458376521e-05
0.35,0,0.0034999713700703,0.0047974809672899,1.3712179881803,-1.0298025895832e-17,-0.0047397038751822,3.0361812225365e-20,1.1692530681713e-05
0.36,0,0.0035999688480809,0.005075590794948,1.4103949805527,1.0297965386293e-17,-0.0050161629287801,-2.5683589968976e-20,1.2026602986904e-05
0.37,0,0.0036999661820928,0.0053615360154957,1.4495719166848,8.5816543859848e-17,-0.0053004573752676,-2.4182955021757e-19,1.2360675292096e-05
0.38,0,0.003799963368106,0.0056553166175283,1.4887487950094,-1.0297983201903e-17,-0.0055925872032399,3.0806247805077e-20,1.2694747597288e-05
0.39,0,0.0038999604021207,0.0059569325893275,1.5279256139593,-3.4326625228216e-18,-0.0058925524009789,1.1218140065075e-20,1.302881990248e-05
0.4,6.3268930940339e-05,0.003999957280137,-0.0027781277124966,1.5500106588272,1.361171792029e-17,-0.015803041545192,-4.0821718790079e-20,-0.011320061864362
0.41,0.00016690628112733,0.0040999539981549,-0.017055908579138,1.561169229211,-7.7961152874039e-17,-0.031637222803487,2.4277416383225e-19,-0.029703171697859
0.42,0.0002709681705223,0.0041999505521748,-0.0311724106491,1.5721925782929,-1.5948533929574e-17,-0.04733353970653,5.6458949570614e-20,-0.047983518999055
0.43,0.00037544003883218,0.0042999469381965,-0.045129471348086,1.5830853085615,1.4736036948895e-17,-0.062892878258377,-3.8819089917519e-20,-0.066160891854938
0.44,0.00048031471417959,0.0043999431522205,-0.058929875089239,1.5938499958346,1.7915732405192e-17,-0.078317163109855,-5.0543881289725e-20,-0.084236335341372
0.45,0.00058558532049143,0.0044999391902466,-0.072576356381349,1.6044891081845,-1.9566225417071e-17,-0.093608295572642,6.7424307661779e-20,-0.10221089397013
0.46,0.00069124526032444,0.0045999350482753,-0.086071598889803,1.6150050119702,-1.2525321162538e-17,-0.1087681518634,4.6718656269364e-20,-0.12008560930827
0.47,0.00079728819989637,0.0046999307223065,-0.099418234913882,1.6253999771988,1.8112696962948e-17,-0.12379858178677,-5.1350491581632e-20,-0.13786151807192
0.48,0.00090370805500291,0.0047999262083405,-0.11261884507606,1.6356761825788,5.171340893015e-17,-0.13870140764324,-1.6289358999444e-19,-0.1555396504479
0.49,0.0010104989777647,0.0048999215023774,-0.12567595819694,1.6458357202815,-8.4403522993963e-17,-0.15347842333732,2.7833509547796e-19,-0.17312102862046
0.5,0.0011176553441528,0.0049999166004175,-0.1385920513324,1.6558806004309,2.8467319724035e-17,-0.16813139366382,-8.5576088963674e-20,-0.19060666548284
0.51,0.0012251717422445,0.0050999114984609,-0.15136954995206,1.6658127553357,4.3802664203768e-18,-0.18266205375252,-8.6292428653497e-21,-0.20799756351515
0.52,0.0013330429611632,0.0051999061925079,-0.16401082824036,1.6756340434801,3.4788315899632e-17,-0.1970721086533,-1.1074472306525e-19,-0.22529471381197
0.53,0.0014412639806612,0.0052999006785586,-0.17651820950386,1.6853462532887,5.4625788042186e-17,-0.21136323304583,-1.8107586317179e-19,-0.24249909524478
0.54,0.0015498299613039,0.0053998949526133,-0.18889396666982,1.6949511066771,1.1143436501795e-16,-0.22553707105955,-3.7874745336291e-19,-0.2596116737454
0.55,0.0016587362352202,0.0054998890106722,-0.20114032286303,1.704450262403,-7.6284166606872e-17,-0.23959523619092,2.4765915351878e-19,-0.27663340169852
0.56,0.0017679782973827,0.0055998828487355,-0.21325945204925,1.7138453192284,-7.5375093777781e-18,-0.25353931130654,2.0796280446761e-20,-0.29356521743198
0.57,0.0018775517973855,0.0056998764628035,-0.2252534797348,1.7231378189051,2.6420916859317e-17,-0.26737084872174,-9.5030568589573e-20,-0.310408044795
0.58,0.0019874525316896,0.0057998698488764,-0.23712448371321,1.7323292489936,1.0054899044989e-16,-0.28109137034534,-3.5375594939975e-19,-0.32716279281518
0.59,0.002097676436307,0.0058998630029546,-0.24887449485065,1.7414210455254,-7.0094817789102e-17,-0.29470236788234,2.2838568873407e-19,-0.34383035542623
0.6,0.0022082195798965,0.0059998559210382,-0.2605054979031,1.750414595518,-2.1749741968881e-17,-0.30820530308689,6.7112339098572e-20,-0.36041161125895
0.61,0.0023190781572472,0.0060998485991276,-0.27201943235855,1.7593112393516,7.3346401389065e-17,-0.32160160805914,-2.6410392877343e-19,-0.37690742348888
0.62,0.0024302484831249,0.0061998410332231,-0.28341819329898,1.7681122730155,1.1299312937559e-16,-0.3348926855797,-4.1140402436902e-19,-0.39331863973442
0.63,0.0025417269864607,0.0062998332193249,-0.29470363227671,1.7768189502318,2.3445186714527e-17,-0.34807990947655,-1.0573091055963e-19,-0.40964609200025
0.64,0.0026535102048612,0.0063998251534334,-0.30587755820107,1.7854324844634,1.6359753258607e-17,-0.36116462501949,-8.2669758644574e-20,-0.4258905966608
0.65,0.00276559477942,0.0064998168315489,-0.31694173823127,1.7939540508143,6.3545978479603e-17,-0.37414814933789,-2.5285867787089e-19,-0.44205295447954
0.66,0.0028779774498141,0.0065998082496717,-0.32789789867226,1.8023847878263,4.9155014779601e-17,-0.38703177185792,-2.0743506235236e-19,-0.45813395065998
0.67,0.0029906550496674,0.0066997994038022,-0.3387477258705,1.8107257991806,-3.9538056042716e-17,-0.39981675475579,1.080449060211e-19,-0.47413435492469
0.68,0.0031036245021655,0.0067997902899407,-0.34949286710704,1.8189781553079,-2.5468385054793e-17,-0.41250433342395,6.1535866743718e-20,-0.49005492161916
0.69,0.0032168828159078,0.0068997809040876,-0.36013493148572,1.8271428949133,-4.8135219559032e-18,-0.42509571694762,-1.0701295894726e-20,-0.50589638983743
0.7,0.003330427080982,0.0069997712422432,-0.37067549081451,1.8352210264204,1.5567646121878e-17,-0.4375920885891,-8.4447178868422e-20,-0.52165948356681
0.71,0.0034442544652494,0.007099761300408,-0.38111608047829,1.8432135293396,2.8907040745658e-17,-0.44999460627782,-1.3476534299688e-19,-0.53734491184934
0.72,0.0035583622108268,0.0071997510745824,-0.3914582003016,1.8511213555651,2.1753004687171e-17,-0.4623044031041,-1.110267193465e-19,-0.5529533689577
0.73,0.0036727476307561,0.0072997405607667,-0.40170331540019,1.8589454306032,1.5014764544196e-16,-0.47452258781509,-5.8884091509337e-19,-0.56848553458366
0.74,0.0037874081058489,0.0073997297549614,-0.41185285702022,1.8666866547385,-2.791918437507e-17,-0.48665024531124,5.8716114956764e-20,-0.58394207403723
0.75,0.0039023410816966,0.0074997186531669,-0.42190822336438,1.8743459041387,-3.4325295668826e-17,-0.49868843714203,8.6093199982635e-20,-0.59932363845497
0.76,0.0040175440658373,0.0075997072513836,-0.43187078040408,1.8819240319031,6.7621771938169e-18,-0.51063820199989,-6.4024084531471e-20,-0.61463086501594
0.77,0.0041330146250695,0.0076996955456121,-0.44174186267712,1.8894218690572,-9.9326135002462e-20,-0.52250055621113,-3.8423037263159e-20,-0.62986437716402
0.78,0.0042487503829054,0.0077996835318527,-0.45152277407042,1.8968402254975,2.0220931358967e-17,-0.53427649422312,-1.1481599352941e-19,-0.64502478483543
0.79,0.0043647490171551,0.007899671206106,-0.46121478858748,1.9041798908877,6.0595051515434e-17,-0.54596698908688,-2.6977093066756e-19,-0.66011268469038
0.8,0.0044810082576343,0.0079996585643725,-0.47081915110009,1.9114416355097,5.3031608530397e-17,-0.55757299293443,-2.4678332788107e-19,-0.67512866034786
0.81,0.0045975258839902,0.0080996456026526,-0.48033707808438,1.9186262110727,3.8794557045312e-17,-0.56909543745032,-1.9731151333539e-19,-0.69007328262284
0.82,0.0047142997236363,0.0081996323169468,-0.48976975834077,1.9257343514812,-4.2988199781341e-17,-0.5805352343368,1.1327013886165e-19,-0.70494710976497
0.83,0.0048313276497931,0.0082996187032558,-0.49911835369806,1.9327667735653,-2.8883258301677e-17,-0.59189327577233,6.3985503754675e-20,-0.7197506876982
0.84,0.0049486075796263,0.0083996047575801,-0.50838399970139,1.9397241777743,-4.2054968818291e-17,-0.60317043486289,1.1849014023884e-19,-0.73448455026064
0.85,0.005066137472479,0.0084995904759201,-0.51756780628433,1.9466072488374,6.0089347633011e-17,-0.61436756608597,-2.7311646635797e-19,-0.7491492194442
0.86,0.0051839153281915,0.0085995758542766,-0.52667085842499,1.9534166563906,1.8671599867653e-17,-0.62548550572689,-1.17573746769e-19,-0.76374520563344
0.87,0.0053019391855049,0.00869956088865,-0.5356942167864,1.9601530555743,-6.2849992376311e-17,-0.6365250723073,1.9965348865276e-19,-0.77827300784325
0.88,0.0054202071205435,0.0087995455750409,-0.5446389183413,1.9668170876014,1.4116295013228e-16,-0.64748706700569,-5.9343286123688e-19,-0.79273311395496
0.89,0.0055387172453711,0.00889952990945,-0.5535059769814,1.9734093802977,1.5288876616044e-16,-0.65837227406982,-6.5381925153606e-19,-0.80712600095053
0.9,0.0056574677066191,0.008999513887878,-0.56229638411148,1.9799305486171,-3.873718010232e-17,-0.66918146122096,8.7461013088145e-20,-0.82145213514462
0.91,0.0057764566841802,0.0090994975063254,-0.57101110922846,1.986381195132,2.4020937074994e-18,-0.67991538004992,-7.0710556711265e-20,-0.83571197241411
0.92,0.0058956823899661,0.0091994807607929,-0.57965110048561,1.9927619105,2.269159424107e-17,-0.69057476640479,-1.5088595061504e-19,-0.84990595842501
0.93,0.0060151430667251,0.0092994636472811,-0.58821728524234,1.999073273909,8.8531651373269e-18,-0.70116034077053,-9.7383336278723e-20,-0.86403452885644
0.94,0.0061348369869154,0.0093994461617908,-0.59671057059965,2.0053158535011,2.2286550577835e-17,-0.71167280864022,-1.5131327220649e-19,-0.87809810962163
0.95,0.0062547624516336,0.0094994283003227,-0.6051318439216,2.0114902067773,-1.6765734115996e-16,-0.7221128608782,6.0902412999996e-19,-0.89209711708567
0.96,0.006374917789593,0.0095994100588774,-0.61348197334304,2.0175968809821,9.1883351040801e-17,-0.73248117407505,-4.17071049408e-19,-0.90603195827997
0.97,0.0064953013561503,0.0096993914334558,-0.62176180826398,2.0236364134721,2.6519693366185e-18,-0.74277841089453,-6.5992918644792e-20,-0.91990303111337
0.98,0.0066159115323783,0.0097993724200584,-0.62997217983074,2.0296093320659,-1.0928996409548e-17,-0.75300522041253,-1.0665060672575e-20,-0.93371072457963
0.99,0.0067367467241819,0.0098993530146862,-0.63811390140429,2.0355161553793,2.757635992358e-18,-0.76316223844813,-6.4458140325421e-20,-0.94745541896148
1,0.0068578053614543,0.0099993332133398,-0.64618776901598,2.0413573931444,2.0592856880614e-16,-0.77325008788691,-8.9127904758918e-19,-0.96113748603098
