time,plastic_strain,strain_yz,stress_xx,stress_xy,stress_xz,stress_yy,stress_yz,stress_zz
0,0,0,0,0,0,0,0,0
0.01,0,9.9999998e-05,-4.823883307209e-06,0,0,0.00012990856204852,1.1080001225196,-4.8766305417369e-05
0.02,0,0.000199999992,-9.6477666144179e-06,0,0,0.00048141714570621,2.2160002050118,-0.00031913263244392
0.03,0,0.000299999978,-1.4471649921627e-05,0,0,0.0010545257385356,3.3240002031564,-0.00081109896864214
0.04,0,0.000399999952,-1.9295533228836e-05,0,0,0.0018492343192351,4.4320000726336,-0.0015246652927106
0.05,0,0.00049999991,-2.4119416536045e-05,0,0,0.0028655428576394,5.5399997691233,-0.0024598315744836
0.06,0,0.00059999984800001,-2.8943299843254e-05,0,0,0.0041034513147188,6.6479992483055,-0.0036165977749319
0.07,0,0.00069999976200002,-3.3767183150463e-05,0,0,0.0055629596425799,7.7559984658602,-0.0049949638461619
0.08,0,0.00079999964800005,-3.8591066457672e-05,0,0,0.0072440677844653,8.8639973774676,-0.0065949297314161
0.09,0,0.00089999950200008,-4.3414949764881e-05,0,0,0.0091467756747533,9.9719959388075,-0.008416495365073
0.1,0,0.00099999932000014,-4.823883307209e-05,0,0,0.011271083238959,11.07999410556,-0.010459660672647
0.11,0,0.0010999990980002,-5.3062716379298e-05,0,0,0.013616990393732,12.187991833405,-0.012724425570789
0.12,0,0.0011999988320003,-5.7886599686507e-05,0,0,0.016184497046859,13.295989078024,-0.015210789967285
0.13,0,0.0012999985180005,-6.2710482993716e-05,0,0,0.018973603097264,14.403985795095,-0.017918753761059
0.14,0,0.0013999981520007,-6.7534366300925e-05,0,0,0.021984308435004,15.511981940299,-0.020848316842167
0.15,0,0.001499997730001,-7.2358249608134e-05,0,0,0.025216612941274,16.619977469317,-0.023999479091806
0.16,0,0.0015999972480014,-7.7182132915343e-05,0,0,0.028670516488405,17.727972337828,-0.027372240382306
0.17,0,0.0016999967020019,-8.2006016222552e-05,0,0,0.032346018939863,18.835966501512,-0.030966600577134
0.18,0,0.0017999960880026,-8.6829899529761e-05,0,0,0.036243120150252,19.94395991605,-0.034782559530891
0.19,0,0.0018999954020033,-9.165378283697e-05,0,0,0.04036181996531,21.051952537123,-0.038820117089318
0.2,0,0.0019999946400043,-9.6477666144179e-05,0,0,0.044702118221911,22.15994432041,-0.043079273089289
0.21,0,0.0020999937980055,-0.00010130154945139,0,0,0.049264014748068,23.267935221592,-0.047560027358814
0.22,0,0.0021999928720069,-0.0001061254327586,0,0,0.054047509362927,24.375925196348,-0.052262379717041
0.23,0,0.0022999918580087,-0.00011094931606581,0,0,0.05905260187677,25.483914200361,-0.057186329974254
0.24,0,0.0023999907520107,-0.00011577319937301,0,0,0.064279292091017,26.591902189309,-0.06233187793187
0.25,0,0.0024999895500131,-0.00012059708268022,0,0,0.069727579798224,27.699889118873,-0.067699023382445
0.26,0,0.002599988248016,-0.00012542096598743,0,0,0.075397464782081,28.807874944735,-0.073287766109672
0.27,0,0.0026999868420193,-0.00013024484929464,0,0,0.081288946817417,29.915859622574,-0.079098105888376
0.28,0,0.0027999853280231,-0.00013506873260185,0,0,0.087402025670194,31.023843108071,-0.085130042484522
0.29,0,0.0028999837020275,-0.00013989261590906,0,0,0.093736701097512,32.131825356908,-0.091383575655209
0.3,0,0.0029999819600326,-0.00014471649921627,0,0,0.10029297284761,33.239806324763,-0.097858705148673
0.31,0,0.0030999800980384,-0.00014954038252348,0,0,0.10707084065985,34.347785967319,-0.10455543070429
0.32,0,0.003199978112045,-0.00015436426583069,0,0,0.11407030426475,35.455764240256,-0.11147375205256
0.33,0,0.0032999759980524,-0.0001591881491379,0,0,0.12129136338396,36.563741099255,-0.11861366891513
0.34,0,0.0033999737520608,-0.0001640120324451,0,0,0.12873401773024,37.671716499996,-0.12597518100478
0.35,0,0.0034999713700703,-0.00016883591575231,0,0,0.13639826700753,38.779690398162,-0.13355828802544
0.36,0,0.0035999688480809,-0.00017365979905952,0,0,0.14428411091086,39.887662749432,-0.14136298967214
0.37,0,0.0036999661820928,-0.00017848368236673,0,0,0.15239154912644,40.995633509489,-0.14938928563109
0.38,0,0.003799963368106,-0.00018330756567394,0,0,0.16072058133158,42.103602634012,-0.1576371755796
0.39,0,0.0038999604021207,-0.00018813144898115,0,0,0.16927120719475,43.211570078685,-0.16610665918614
0.4,0,0.003999957280137,-0.00019295533228836,0,0,0.17804342637555,44.319535799186,-0.1747977361103
0.41,0,0.0040999539981549,-0.00019777921559557,0,0,0.1870372385247,45.427499751199,-0.18371040600282
0.42,0,0.0041999505521748,-0.00020260309890278,0,0,0.19625264328409,46.535461890405,-0.19284466850558
0.43,0,0.0042999469381965,-0.00020742698220999,0,0,0.20568964028671,47.643422172484,-0.20220052325157
0.44,1.6971066135203e-05,0.0043999431522205,-0.30139704809701,0,0,-0.086388420649974,48.659816649559,-0.45267270109744
0.45,5.8131951913754e-05,0.0044999391902466,-1.0275930399175,0,0,-0.80409768120939,49.54356622309,-1.0479817435599
0.46,9.9863692727589e-05,0.0045999350482753,-1.759555051413,0,0,-1.5274573645419,50.422128061426,-1.6528563283022
0.47,0.00014211316236263,0.0046999307223065,-2.4962891488688,0,0,-2.2554737283531,51.295816978123,-2.2665471846924
0.48,0.00018486779094963,0.0047999262083405,-3.2375242561753,0,0,-2.9878771302644,52.164728906536,-2.8888798774188
0.49,0.00022811532508639,0.0048999215023774,-3.9830018521355,0,0,-3.7244104220088,53.028959828804,-3.5196824797127
0.5,0.00027184376238403,0.0049999166004175,-4.7324744950797,0,0,-4.464827473712,53.888605890724,-4.1587847708019
0.51,0.00031604135531837,0.0050999114984609,-5.4857055616097,0,0,-5.2088929147038,54.74376315305,-4.8060184184596
0.52,0.00036069661424922,0.0051999061925079,-6.2424689713493,0,0,-5.9563818603732,55.594527364224,-5.4612171462135
0.53,0.00040579830954268,0.0052999006785586,-7.0025488984813,0,0,-6.7070796258277,56.440993754289,-6.1242168838557
0.54,0.00045133547285728,0.0053998949526133,-7.7657394728101,0,0,-7.4607814290822,57.283256848987,-6.7948559017802
0.55,0.00049729739765522,0.0054998890106722,-8.531844472868,0,0,-8.2172920862834,58.121410303014,-7.4729749297487
0.56,0.00054367363899878,0.0055998828487355,-9.3006770133608,0,0,-8.9764257012558,58.955546751351,-8.1584172607501
0.57,0.00059045401269103,0.0056998764628035,-10.072059229034,0,0,-9.7380053514384,59.78575767763,-8.8510288406592
0.58,0.0006376285938184,0.0057998698488764,-10.84582195683,0,0,-10.50186277208,60.612133298441,-9.5506583444374
0.59,0.00068518771475062,0.0058998630029546,-11.621804418014,0,0,-11.267838040355,61.434762462534,-10.257157239637
0.6,0.0007331219626515,0.0059998559210382,-12.399853901748,0,0,-12.035779260889,62.253732563881,-10.970379837983
0.61,0.00078142217655164,0.0060998485991276,-13.179825451427,0,0,-12.805542253982,63.069129467581,-11.690183335812
0.62,0.00083007944403169,0.0061998410332231,-13.961581554913,0,0,-13.576990247686,63.881037447629,-12.41642784413
0.63,0.00087908509756192,0.0062998332193249,-14.744991839656,0,0,-14.349993574701,64.689539135615,-13.148976409065
0.64,0.00092843071054168,0.0063998251534334,-15.529932773551,0,0,-15.124429374952,65.494715479439,-13.887695023442
0.65,0.00097810809307908,0.0064998168315489,-16.31628737223,0,0,-15.900181304539,66.296645711194,-14.63245263021
0.66,0.0010281092875489,0.0065998082496717,-17.103944913397,0,0,-16.677139251656,67.095407323396,-15.383121118415
0.67,0.0010784265639639,0.0066997994038022,-17.892800658669,0,0,-17.455199059979,67.891076052779,-16.139575312387
0.68,0.0011290524151921,0.0067997902899407,-18.682755583329,0,0,-18.234262259868,68.68372587096,-16.901692954786
0.69,0.0011799795520503,0.0068997809040876,-19.473716114264,0,0,-19.01423580772,69.473428981254,-17.669354684098
0.7,0.0012312008983011,0.0069997712422432,-20.265593876312,0,0,-19.795031833657,70.260255821041,-18.442444007176
0.71,0.0012827095855791,0.007099761300408,-21.058305447161,0,0,-20.576567397702,71.044275069058,-19.220847267347
0.72,0.0013344989482685,0.0071997510745824,-21.851772120874,0,0,-21.358764254534,71.825553657097,-20.004453608612
0.73,0.0013865625183542,0.0072997405607667,-22.645919680074,0,0,-22.141548626829,72.604156785574,-20.793154936398
0.74,0.0014388940202638,0.0073997297549614,-23.440678176753,0,0,-22.924850987183,73.380147942513,-21.586845875316
0.75,0.0014914873657189,0.0074997186531669,-24.23598172165,0,0,-23.708605848541,74.153588925509,-22.385423724335
0.76,0.001544336648609,0.0075997072513836,-25.031768282091,0,0,-24.492751563036,74.924539866267,-23.18878840975
0.77,0.0015974361399035,0.0076996955456121,-25.827979488156,0,0,-25.277230129109,75.69305925736,-23.996842436295
0.78,0.0016507802826124,0.0077996835318527,-26.624560447021,0,0,-26.061987006752,76.459203980863,-24.80949083673
0.79,0.0017043636868057,0.007899671206106,-27.421459565295,0,0,-26.846970940692,77.223029338573,-25.626641120197
0.8,0.0017581811247029,0.0079996585643725,-28.218628379144,0,0,-27.632133791332,77.984589083531,-26.448203219613
0.81,0.0018122275258373,0.0080996456026526,-29.016021392009,0,0,-28.417430373225,78.743935452594,-27.274089438347
0.82,0.0018664979723051,0.0081996323169468,-29.813595919672,0,0,-29.202818300876,79.50111919984,-28.104214396415
0.83,0.0019209876941018,0.0082996187032558,-30.611311942468,0,0,-29.988257841626,80.256189630599,-28.938494976376
0.84,0.0019756920645541,0.0083996047575801,-31.409131964379,0,0,-30.7737117754,81.009194635924,-29.77685026914
0.85,0.0020306065958483,0.0084995904759201,-32.207020878792,0,0,-31.559145261075,81.760180727349,-30.619201519824
0.86,0.0020857269346594,0.0085995758542766,-33.004945840661,0,0,-32.344525709219,82.509193071776,-31.465472073817
0.87,0.0021410488578846,0.00869956088865,-33.802876144853,0,0,-33.12982266098,83.256275526373,-32.315587323193
0.88,0.0021965682684807,0.0087995455750409,-34.600783110411,0,0,-33.915007672867,84.001470673363,-33.169474653565
0.89,0.0022522811914081,0.00889952990945,-35.398639970522,0,0,-34.700054207199,84.744819854601,-34.027063391504
0.9,0.0023081837696825,0.008999513887878,-36.196421767937,0,0,-35.484937527983,85.486363205862,-34.8882847526
0.91,0.0023642722605329,0.0090994975063254,-36.994105255618,0,0,-36.269634601997,86.226139690747,-35.753071790244
0.92,0.0024205430316672,0.0091994807607929,-37.791668802391,0,0,-37.054124004842,86.964187134157,-36.621359345207
0.93,0.0024769925576448,0.0092994636472811,-38.58909230338,0,0,-37.838385831767,87.700542255263,-37.49308399606
0.94,0.0025336174163546,0.0093994461617908,-39.386357095006,0,0,-38.622401613022,88.435240699933,-38.368184010491
0.95,0.002590414285598,0.0094994283003227,-40.183445874352,0,0,-39.406154233567,89.168317072579,-39.246599297561
0.96,0.0026473799397754,0.0095994100588774,-40.980342622677,0,0,-40.189627856906,89.899804967369,-40.128271360925
0.97,0.0027045112466748,0.0096993914334558,-41.777032532907,0,0,-40.97280785288,90.629736998805,-41.013143253054
0.98,0.0027618051643604,0.0097993724200584,-42.573501940889,0,0,-41.755680729204,91.35814483162,-41.901159530462
0.99,0.0028192587381603,0.0098993530146862,-43.369738260252,0,0,-42.538234066593,92.085059209995,-42.792266209979
1,0.0028768690977498,0.0099993332133399,-44.165729920677,0,0,-43.320456457292,92.810509986068,-43.686410726047
