time,plastic_strain,strain_xz,stress_xx,stress_xy,stress_xz,stress_yy,stress_yz,stress_zz
0,0,0,0,0,0,0,0,0
0.01,0,9.9999998e-05,0.00012990856204852,-7.3579703531907e-18,1.1080001225196,-4.823883307209e-06,7.357970277519e-22,-4.8766305417369e-05
0.02,0,0.000199999992,0.00048141714570621,-1.4715940341112e-17,2.2160002050118,-9.6477666144179e-06,3.1459036738214e-21,-0.00031913263244392
0.03,0,0.000299999978,0.0010545257385356,1.8394923497657e-17,3.3240002031564,-1.4471649921627e-05,-7.140201933508e-21,-0.00081109896864214
0.04,0,0.000399999952,0.0018492343192351,-2.9431875973334e-17,4.4320000726336,-1.9295533228836e-05,1.4103980418843e-20,-0.0015246652927106
0.05,0,0.00049999991,0.0028655428576394,1.8394920359815e-16,5.5399997691233,-2.4119416536045e-05,-1.131583907606e-19,-0.0024598315744836
0.06,0,0.00059999984800001,0.0041034513147188,-7.3579660695786e-17,6.6479992483055,-2.8943299843254e-05,5.8439253225083e-20,-0.0036165977749319
0.07,0,0.00069999976200002,0.0055629596425799,-5.8863722467452e-17,7.7559984658602,-3.3767183150463e-05,5.3063477270251e-20,-0.0049949638461619
0.08,0,0.00079999964800005,0.0072440677844653,-5.8863716866785e-17,8.8639973774676,-3.8591066457672e-05,5.8949849251679e-20,-0.0065949297314161
0.09,0,0.00089999950200008,0.0091467756747533,1.177274027223e-16,9.9719959388075,-4.3414949764881e-05,-1.3301723250578e-19,-0.008416495365073
0.1,0,0.00099999932000014,0.011271083238959,3.6789807309331e-16,11.07999410556,-4.823883307209e-05,-4.5699173940274e-19,-0.010459660672647
0.11,0,0.0010999990980002,0.013616990393732,5.8863732536118e-17,12.187991833405,-5.3062716379298e-05,-6.8703089354425e-20,-0.012724425570789
0.12,0,0.0011999988320003,0.016184497046859,7.3579639822812e-17,13.295989078024,-5.7886599686507e-05,-9.6708314011971e-20,-0.015210789967285
0.13,0,0.0012999985180005,0.018973603097264,8.0723725863083e-23,14.403985795095,-6.2710482993716e-05,1.591307961945e-20,-0.017918753761059
0.14,0,0.0013999981520007,0.021984308435004,-3.2374982322814e-16,15.511981940299,-6.7534366300925e-05,5.8511665486882e-19,-0.020848316842167
0.15,0,0.001499997730001,0.025216612941274,-5.2977235480075e-16,16.619977469317,-7.2358249608134e-05,1.0059903442793e-18,-0.023999479091806
0.16,0,0.0015999972480014,0.028670516488405,-1.1772722957972e-16,17.727972337828,-7.7182132915343e-05,2.2941368981027e-19,-0.027372240382306
0.17,0,0.0016999967020019,0.032346018939863,2.9431764397921e-16,18.835966501512,-8.2006016222552e-05,-6.4092390528356e-19,-0.030966600577134
0.18,0,0.0017999960880026,0.036243120150252,-8.8295327188673e-17,19.94395991605,-8.6829899529761e-05,1.9754913926982e-19,-0.034782559530891
0.19,0,0.0018999954020033,0.04036181996531,1.1772693031105e-16,21.051952537123,-9.165378283697e-05,-2.8723286587195e-19,-0.038820117089318
0.2,0,0.0019999946400043,0.044702118221911,5.8863433695042e-17,22.15994432041,-9.6477666144179e-05,-1.5046564398165e-19,-0.043079273089289
0.21,0,0.0020999937980055,0.049264014748068,2.6488544692383e-16,23.267935221592,-0.00010130154945139,-7.0251982346458e-19,-0.047560027358814
0.22,0,0.0021999928720069,0.054047509362927,-1.4715845729137e-16,24.375925196348,-0.0001061254327586,4.1588354500364e-19,-0.052262379717041
0.23,0,0.0022999918580087,0.05905260187677,6.47497094742e-16,25.483914200361,-0.00011094931606581,-1.8787648042885e-18,-0.057186329974254
0.24,0,0.0023999907520107,0.064279292091017,1.1772687949434e-16,26.591902189309,-0.00011577319937301,-3.3636619217557e-19,-0.06233187793187
0.25,0,0.0024999895500131,0.069727579798224,-5.8863053046516e-17,27.699889118873,-0.00012059708268022,2.1010126549897e-19,-0.067699023382445
0.26,0,0.002599988248016,0.075397464782081,-1.1478333669134e-15,28.807874944735,-0.00012542096598743,3.7973665663367e-18,-0.073287766109672
0.27,0,0.0026999868420193,0.081288946817417,2.943159521991e-16,29.915859622574,-0.00013024484929464,-1.0147033912776e-18,-0.079098105888376
0.28,0,0.0027999853280231,0.087402025670194,-8.8294776474214e-16,31.023843108071,-0.00013506873260185,3.1279458632507e-18,-0.085130042484522
0.29,0,0.0028999837020275,0.093736701097512,-4.7090548071209e-16,32.131825356908,-0.00013989261590906,1.7034564553237e-18,-0.091383575655209
0.3,0,0.0029999819600326,0.10029297284761,-1.0006731543083e-15,33.239806324763,-0.00014471649921627,3.7631269712854e-18,-0.097858705148673
0.31,0,0.0030999800980384,0.10707084065985,-1.7659009473391e-16,34.347785967319,-0.00014954038252348,6.2740280349864e-19,-0.10455543070429
0.32,0,0.003199978112045,0.11407030426475,5.8862898656311e-16,35.455764240256,-0.00015436426583069,-2.4572051098849e-18,-0.11147375205256
0.33,0,0.0032999759980524,0.12129136338396,1.7658806850643e-16,36.563741099255,-0.0001591881491379,-7.9306095837766e-19,-0.11861366891513
0.34,0,0.0033999737520608,0.12873401773024,-1.7658942776112e-16,37.671716499996,-0.0001640120324451,7.1119102913631e-19,-0.12597518100478
0.35,0,0.0034999713700703,0.13639826700753,-1.7658935575907e-16,38.779690398162,-0.00016883591575231,7.2884996835647e-19,-0.13355828802544
0.36,0,0.0035999688480809,0.14428411091086,1.765875059707e-16,39.887662749432,-0.00017365979905952,-8.6549693653874e-19,-0.14136298967214
0.37,0,0.0036999661820928,0.15239154912644,1.4715677732986e-15,40.995633509489,-0.00017848368236673,-6.9590176529164e-18,-0.14938928563109
0.38,0,0.003799963368106,0.16072058133158,-1.7658817439447e-16,42.103602634012,-0.00018330756567394,8.3696186050659e-19,-0.1576371755796
0.39,0,0.0038999604021207,0.16927120719475,-5.8862830410129e-17,43.211570078685,-0.00018813144898115,2.7223803371784e-19,-0.16610665918614
0.4,0,0.003999957280137,0.17804342637555,2.3545005012021e-16,44.319535799186,-0.00019295533228836,-1.2153716382136e-18,-0.1747977361103
0.41,0,0.0040999539981549,0.1870372385247,-1.3538378426133e-15,45.427499751199,-0.00019777921559557,7.0286736997334e-18,-0.18371040600282
0.42,0,0.0041999505521748,0.19625264328409,-2.9431307082355e-16,46.535461890405,-0.00020260309890278,1.5171893191041e-18,-0.19284466850558
0.43,0,0.0042999469381965,0.20568964028671,2.3544854099968e-16,47.643422172484,-0.00020742698220999,-1.3443839529356e-18,-0.20220052325157
0.44,1.6971066135203e-05,0.0043999431522205,-0.086388420649974,2.9354775785793e-16,48.659816649559,-0.30139704809701,-1.6934515140142e-18,-0.45267270109744
0.45,5.8131951913754e-05,0.0044999391902466,-0.80409768120939,-3.5173853714953e-16,49.54356622309,-1.0275930399175,1.9600597286124e-18,-1.0479817435599
0.46,9.9863692727589e-05,0.0045999350482753,-1.5274573645419,-2.3255247895393e-16,50.422128061426,-1.759555051413,1.306037564701e-18,-1.6528563283022
0.47,0.00014211316236263,0.0046999307223065,-2.2554737283531,2.9534360085727e-16,51.295816978123,-2.4962891488688,-1.7905163223446e-18,-2.2665471846924
0.48,0.00018486779094963,0.0047999262083405,-2.9878771302644,8.7840337818934e-16,52.164728906536,-3.2375242561753,-5.3302687839006e-18,-2.8888798774188
0.49,0.00022811532508639,0.0048999215023774,-3.7244104220088,-1.4667644639635e-15,53.028959828804,-3.9830018521355,8.9153797649642e-18,-3.5196824797127
0.5,0.00027184376238403,0.0049999166004175,-4.464827473712,4.7267191921481e-16,53.888605890724,-4.7324744950797,-2.9765530994818e-18,-4.1587847708019
0.51,0.00031604135531837,0.0050999114984609,-5.2088929147038,6.0253928540324e-17,54.74376315305,-5.4857055616097,-4.2449995865786e-19,-4.8060184184596
0.52,0.00036069661424922,0.0051999061925079,-5.9563818603732,5.8626303402197e-16,55.594527364224,-6.2424689713493,-3.8044170200306e-18,-5.4612171462135
0.53,0.00040579830954268,0.0052999006785586,-6.7070796258277,9.3345779645215e-16,56.440993754289,-7.0025488984813,-6.1301243357317e-18,-6.1242168838557
0.54,0.00045133547285728,0.0053998949526133,-7.4607814290822,1.9217896728596e-15,57.283256848987,-7.7657394728101,-1.276576908292e-17,-6.7948559017802
0.55,0.00049729739765522,0.0054998890106722,-8.2172920862834,-1.3072168587256e-15,58.121410303014,-8.531844472868,8.6744491979949e-18,-7.4729749297487
0.56,0.00054367363899878,0.0055998828487355,-8.9764257012558,-1.2915564468164e-16,58.955546751351,-9.3006770133608,8.0674831850375e-19,-8.1584172607501
0.57,0.00059045401269103,0.0056998764628035,-9.7380053514384,4.5652879248886e-16,59.78575767763,-10.072059229034,-3.2191418865959e-18,-8.8510288406592
0.58,0.0006376285938184,0.0057998698488764,-10.50186277208,1.7403081175486e-15,60.612133298441,-10.84582195683,-1.2249784373406e-17,-9.5506583444374
0.59,0.00068518771475062,0.0058998630029546,-11.267838040355,-1.1950915965934e-15,61.434762462534,-11.621804418014,8.3676107181664e-18,-10.257157239637
0.6,0.0007331219626515,0.0059998559210382,-12.035779260889,-3.6866759133187e-16,62.253732563881,-12.399853901748,2.5645567244967e-18,-10.970379837983
0.61,0.00078142217655164,0.0060998485991276,-12.805542253982,1.2712978391037e-15,63.069129467581,-13.179825451427,-9.3316032202385e-18,-11.690183335812
0.62,0.00083007944403169,0.0061998410332231,-13.576990247686,1.9650460861308e-15,63.881037447629,-13.961581554913,-1.4589850290633e-17,-12.41642784413
0.63,0.00087908509756192,0.0062998332193249,-14.349993574701,4.3189337475476e-16,64.689539135615,-14.744991839656,-3.3629061557561e-18,-13.148976409065
0.64,0.00092843071054168,0.0063998251534334,-15.124429374952,3.121766121806e-16,65.494715479439,-15.529932773551,-2.5059688720393e-18,-13.887695023442
0.65,0.00097810809307909,0.0064998168315489,-15.900181304539,1.1290275129324e-15,66.296645711194,-16.31628737223,-8.7921261457851e-18,-14.63245263021
0.66,0.0010281092875489,0.0065998082496717,-16.677139251656,8.8792844964082e-16,67.095407323396,-17.103944913397,-7.0518366217996e-18,-15.383121118415
0.67,0.0010784265639639,0.0066997994038022,-17.455199059979,-6.3839502496884e-16,67.891076052779,-17.892800658669,4.8112292254843e-18,-16.139575312387
0.68,0.0011290524151921,0.0067997902899407,-18.234262259868,-4.0041137630374e-16,68.68372587096,-18.682755583329,2.9974921463057e-18,-16.901692954786
0.69,0.0011799795520503,0.0068997809040876,-19.01423580772,-4.6949930407318e-17,69.473428981254,-19.473716114264,2.0873402898857e-19,-17.669354684098
0.7,0.0012312008983011,0.0069997712422432,-19.795031833657,3.0429157851228e-16,70.260255821041,-20.265593876312,-2.634412091713e-18,-18.442444007176
0.71,0.0012827095855791,0.007099761300408,-20.576567397702,5.3635368396571e-16,71.044275069058,-21.058305447161,-4.5718450583159e-18,-19.220847267347
0.72,0.0013344989482685,0.0071997510745824,-21.358764254534,4.160175764738e-16,71.825553657097,-21.851772120874,-3.6342668353979e-18,-20.004453608612
0.73,0.0013865625183542,0.0072997405607667,-22.141548626829,2.6361848077526e-15,72.604156785574,-22.645919680074,-2.2292861367783e-17,-20.793154936398
0.74,0.0014388940202638,0.0073997297549614,-22.924850987183,-4.2191388833999e-16,73.380147942513,-23.440678176753,3.3177517076706e-18,-21.586845875316
0.75,0.0014914873657189,0.0074997186531669,-23.708605848541,-5.3629075844548e-16,74.153588925509,-24.23598172165,4.3464926067156e-18,-22.385423724335
0.76,0.001544336648609,0.0075997072513836,-24.492751563036,1.689807243212e-16,74.924539866268,-25.031768282091,-1.6926827203482e-18,-23.18878840975
0.77,0.0015974361399035,0.0076996955456121,-25.277230129109,5.0944789436312e-17,75.69305925736,-25.827979488156,-6.7933398530073e-19,-23.996842436295
0.78,0.0016507802826124,0.0077996835318527,-26.061987006752,4.0162338044174e-16,76.459203980863,-26.624560447021,-3.7802682516087e-18,-24.80949083673
0.79,0.0017043636868057,0.007899671206106,-26.846970940692,1.1011606279759e-15,77.223029338573,-27.421459565295,-1.006330807752e-17,-25.626641120197
0.8,0.0017581811247029,0.0079996585643725,-27.632133791332,9.7744066343687e-16,77.984589083531,-28.218628379144,-9.0745909698759e-18,-26.448203219613
0.81,0.0018122275258373,0.0080996456026526,-28.417430373225,7.3748939786121e-16,78.743935452594,-29.016021392009,-7.0038663711896e-18,-27.274089438347
0.82,0.0018664979723051,0.0081996323169468,-29.202818300876,-6.7105119369729e-16,79.50111919984,-29.813595919672,5.8439051988718e-18,-28.104214396415
0.83,0.0019209876941018,0.0082996187032558,-29.988257841626,-4.3298182884991e-16,80.256189630599,-30.611311942468,3.7161624868951e-18,-28.938494976376
0.84,0.0019756920645541,0.0083996047575801,-30.7737117754,-6.6439689782616e-16,81.009194635924,-31.409131964379,5.9322405929557e-18,-29.77685026914
0.85,0.0020306065958483,0.0084995904759201,-31.559145261075,1.0947805617081e-15,81.760180727349,-32.207020878792,-1.0599624940115e-17,-30.619201519824
0.86,0.0020857269346594,0.0085995758542766,-32.344525709219,3.8614697878239e-16,82.509193071776,-33.004945840661,-3.972769555648e-18,-31.465472073817
0.87,0.0021410488578846,0.00869956088865,-33.12982266098,-1.0203636090366e-15,83.256275526373,-33.802876144853,9.5069959687957e-18,-32.315587323193
0.88,0.0021965682684807,0.0087995455750409,-33.915007672867,2.4962901757086e-15,84.001470673363,-34.600783110411,-2.4487942653453e-17,-33.169474653565
0.89,0.0022522811914081,0.00889952990945,-34.700054207199,2.7155819558791e-15,84.744819854601,-35.398639970522,-2.6921671962676e-17,-34.027063391504
0.9,0.0023081837696825,0.008999513887878,-35.484937527983,-5.7710413450986e-16,85.486363205862,-36.196421767937,5.2718894231403e-18,-34.8882847526
0.91,0.0023642722605329,0.0090994975063254,-36.269634601997,1.2844495132024e-16,86.226139690747,-36.994105255618,-1.6851552254346e-18,-35.753071790244
0.92,0.0024205430316672,0.0091994807607929,-37.054124004842,4.7878390402453e-16,86.964187134157,-37.791668802391,-5.2167907076177e-18,-36.621359345207
0.93,0.0024769925576448,0.0092994636472811,-37.838385831767,2.4193252968591e-16,87.700542255263,-38.58909230338,-2.8717453067346e-18,-37.49308399606
0.94,0.0025336174163546,0.0093994461617908,-38.622401613022,4.7459940379551e-16,88.435240699933,-39.386357095006,-5.2742696894907e-18,-38.368184010491
0.95,0.002590414285598,0.0094994283003227,-39.406154233567,-2.8051854826854e-15,89.168317072579,-40.183445874352,2.8446421136829e-17,-39.246599297561
0.96,0.0026473799397754,0.0095994100588774,-40.189627856906,1.6584625983818e-15,89.899804967369,-40.980342622677,-1.7567893555424e-17,-40.128271360925
0.97,0.0027045112466748,0.0096993914334558,-40.97280785288,1.2741060145031e-16,90.629736998805,-41.777032532907,-1.7346406064495e-18,-41.013143253054
0.98,0.0027618051643604,0.0097993724200584,-41.755680729204,-1.0740610455485e-16,91.35814483162,-42.573501940889,7.2963797885616e-19,-41.901159530462
0.99,0.0028192587381603,0.0098993530146862,-42.538234066593,1.2729890981476e-16,92.085059209995,-43.369738260252,-1.7521621715335e-18,-42.792266209979
1,0.0028768690977498,0.0099993332133398,-43.320456457292,3.6380714662474e-15,92.810509986068,-44.165729920677,-3.9394673628326e-17,-43.686410726047
