time,plastic_strain,strain_xx,stress_xx,stress_xy,stress_xz,stress_yy,stress_yz,stress_zz
0,0,0,0,0,0,0,0,0
0.01,0,-0.00020001999199395,-0.11690769815176,6.3000295192358e-19,9.5677695323609e-19,-1.6797847834926e-13,-3.9980791731316e-19,-2.5209695442285e-13
0.02,0,-0.00040007999998711,-0.2338387848572,-1.0079582057917e-19,1.942261545588e-18,7.0278852182248e-14,-3.4269110242445e-19,6.7654215563095e-15
0.03,0,-0.00060018003999385,-0.35079326947678,3.5900353986714e-26,-6.8890706062262e-22,-1.2289821937905e-13,3.1981894698405e-18,-3.537656279029e-13
0.04,0,-0.00080032012803809,-0.46777116137577,3.5900353986712e-26,4.0121351058182e-19,1.7813875374806e-14,-2.2846320366888e-19,8.3398565831061e-14
0.05,0,-0.0010005002801537,-0.58477246992602,-1.2093842584436e-18,-6.9219488450126e-18,-7.3122063959374e-14,3.7690598707489e-18,-1.1479012185234e-13
0.06,0,-0.001200720512384,-0.7017972045043,-3.5281882758464e-25,4.5741030017379e-18,-2.136485433013e-13,5.7118329388511e-19,-1.3742479376688e-13
0.07,0,-0.0014009808407815,-0.8188453744929,-3.3255014249413e-18,3.2031023679641e-18,8.3086315605385e-14,5.7113181471842e-19,5.5587479064201e-14
0.08,0,-0.0016012812814091,-0.93591698928059,-1.8255262861553e-24,9.1949927362521e-19,-1.8873791418628e-14,-7.6511376734674e-18,-1.0817735596191e-13
0.09,0,-0.001801621850339,-1.0530120582609,-1.8255262861553e-24,-4.5818201199411e-18,1.6810858260996e-13,-1.4842750497342e-18,3.6867037200849e-13
0.1,0,-0.002002002563653,-1.1701305908338,-1.8255262861555e-24,-1.7292258328195e-17,-2.1018950469021e-13,-3.6536435410018e-18,-5.3813897782362e-13
0.11,0,-0.0022024234374427,-1.2872725964039,-1.8255262861553e-24,1.3618269115621e-18,-1.4394908876003e-13,6.8492631525733e-19,-3.0928037908495e-13
0.12,0,-0.002402884487809,-1.404438084382,-1.8255262861553e-24,-1.1791851018067e-20,3.1234390074353e-13,6.8510006976304e-18,5.7404081488244e-13
0.13,0,-0.0026033857308634,-1.5216270641855,-1.8255262861552e-24,8.2220172277188e-18,-4.1947348372595e-14,-2.5115439204071e-18,-7.0311811928292e-14
0.14,0,-0.002803927182726,-1.6388395452357,-1.8255262861551e-24,2.7963696016361e-18,-1.8803361645503e-13,6.392934823325e-18,-8.1427919962351e-14
0.15,0,-0.0030045088595274,-1.7560755369607,-1.8255262861542e-24,9.0065259811579e-18,7.2965938846536e-14,2.3030416729437e-19,1.4442613771593e-13
0.16,0,-0.0032051307774072,-1.8733350487939,-1.8255262861552e-24,-4.7724846185275e-18,2.5945738613142e-13,-6.1630331438064e-18,5.8797411384148e-13
0.17,0,-0.0034057929525154,-1.9906180901747,-1.8255262861554e-24,-7.8271742493646e-18,-1.2937567683835e-14,-5.9348161731039e-18,2.4676094501075e-13
0.18,0,-0.0036064954010115,-2.107924670548,-1.8255262861552e-24,3.9028852665869e-18,-3.5344990823027e-14,-1.8719402115227e-17,-1.4168527462388e-13
0.19,0,-0.0038072381390648,-2.2252547993642,-1.8255262861553e-24,-1.8545871423106e-18,-2.0304938286309e-14,-9.8169835451022e-18,5.2985393850236e-14
0.2,0,-0.004008021182854,-2.3426084860798,-1.8255262861553e-24,2.0410361053415e-18,-3.7097408478459e-13,-1.2555497855173e-17,-3.6912833900615e-13
0.21,0,-0.0042088445485678,-2.4599857401563,-2.0141446011234e-18,-7.3776149668354e-18,-1.5664032571028e-13,-7.3051475977006e-18,-2.1217055889977e-13
0.22,0,-0.0044097082524045,-2.5773865710616,2.819662752657e-18,3.2373853855593e-18,1.5131992880946e-14,-3.1961469263329e-18,-1.1678158440276e-14
0.23,0,-0.0046106123105725,-2.6948109882692,-6.0392186792545e-25,-2.5307330954955e-17,-4.8265211272103e-14,5.477312741089e-18,-1.2660011927679e-13
0.24,0,-0.0048115567392895,-2.8122590012579,-6.0392186792551e-25,3.6176155284458e-18,-1.2569459362233e-13,-7.3039586928179e-18,-2.248271013805e-13
0.25,0,-0.0050125415547836,-2.9297306195128,-6.0392186792521e-25,3.6709205047896e-18,-1.9429076403288e-13,3.6502636854579e-18,-1.3152673394856e-13
0.26,0,-0.005213566773292,-3.047225852524,-6.0392186792473e-25,4.5130737400447e-17,1.4360040934136e-14,-5.4787042452039e-18,9.1718299621846e-14
0.27,0,-0.0054146324110621,-3.1647447097881,-6.0392186792516e-25,-1.8367599951352e-17,4.5182607655292e-14,3.6490242005176e-18,1.8507417820501e-13
0.28,0,-0.005615738484351,-3.2822872008069,-6.0392186792795e-25,3.4562287656022e-17,-8.8679064091934e-15,-1.4610070370436e-17,7.584904926361e-14
0.29,0,-0.0058168850094256,-3.399853335088,-6.0392186679818e-25,1.5699937258126e-17,8.4543483325206e-14,5.847638168163e-15,2.5046284490848e-13
0.3,0,-0.0060180720025628,-3.5174431221452,-6.0392186506561e-25,1.0881400132373e-17,-5.8746410513955e-14,6.1159143381245e-15,-1.4142506610249e-13
0.31,0,-0.0062192994800491,-3.6350565714973,-1.046858213678e-17,7.2483894019223e-20,-5.2013948703689e-14,1.561282554851e-15,-1.9041365706407e-13
0.32,0.00011217037848547,-0.0064205674581808,-3.6963325510177,-2.0305829986625e-23,-2.5370041158091e-17,1.4984405860216e-13,-8.7118832585946e-15,2.3341857689329e-13
0.33,0.00028994722202611,-0.0066218759532643,-3.7246675863848,-1.9719801269592e-23,1.2424740338784e-18,-1.8348776504973e-13,2.3066991004423e-15,-7.2466148630961e-14
0.34,0.00046848938184355,-0.0068232249816156,-3.7526417717604,-1.3297432868747e-17,4.5215200870665e-19,3.4414059950562e-14,-6.9633797903773e-15,3.4036945235496e-14
0.35,0.00064777151120321,-0.0070246145595608,-3.7802678524096,-1.2914827879076e-17,-1.957801806798e-17,-1.0180280057815e-13,-6.973723691866e-15,-6.1751517425442e-14
0.36,0.00082779136596387,-0.0072260447034354,-3.8075469654713,7.5929415922624e-19,-9.8474632428016e-18,3.9555777792258e-14,-6.8061403295001e-15,6.3982787209109e-14
0.37,0.0010085466437848,-0.0074275154295854,-3.8344802773337,7.3764405367523e-19,-2.6521589590021e-17,1.0710076531352e-13,-6.63054124444e-15,1.5479495191496e-13
0.38,0.0011900349772727,-0.0076290267543663,-3.861068987077,7.166696858599e-19,1.255515059921e-17,2.0577414702194e-13,-6.4563845437185e-15,3.9345192641483e-13
0.39,0.0013722539354809,-0.0078305786941435,-3.8873143257202,6.9634621799033e-19,5.0686444165308e-18,1.1520479588433e-13,-6.1450109146055e-15,3.0320087430083e-13
0.4,0.0015552010254446,-0.0080321712652923,-3.9132175554494,-1.498870448268e-17,-1.2973641001221e-17,1.5301699260503e-13,-6.0118268012024e-15,1.4934480712601e-13
0.41,0.0017388736937465,-0.0082338044841981,-3.9387799688322,1.104429549294e-18,3.597476651509e-17,-1.1221215673534e-13,-5.8620205705344e-15,-3.2555403505027e-13
0.42,0.0019232693281094,-0.0084354783672562,-3.9640028880158,1.0733422085032e-18,1.5140273456136e-17,-7.3670965363607e-14,-5.6204145256664e-15,-3.351478000405e-13
0.43,0.0021083852590136,-0.0086371929308715,-3.9888876639158,1.0431991101206e-18,-1.3925445954169e-17,9.8688541937198e-14,-7.5460246198719e-15,1.4924682154073e-13
0.44,0.0022942187613383,-0.0088389481914589,-4.013435675391,1.0139669964968e-18,-1.002361101571e-17,-2.3422305121274e-14,-5.3283880642089e-15,9.4888707918049e-14
0.45,0.0024807670560243,-0.0090407441654437,-4.0376483284079,2.5538302102526e-18,1.8944344652807e-17,-7.8149145265271e-14,-1.5365033178618e-14,-1.1206683710435e-13
0.46,0.0026680273117526,-0.0092425808692608,-4.061527055197,3.2284741065125e-17,5.9664165714272e-19,2.3581308887164e-14,-2.3206474456254e-14,1.634064282695e-13
0.47,0.0028559966466387,-0.0094444583193548,-4.0850733134018,-2.2466134353694e-15,-1.6558922706612e-14,9.9105263322271e-14,-3.208020935491e-14,2.3690801538203e-13
0.48,0.003044672129942,-0.0096463765321807,-4.1082885852202,-1.9171857768016e-15,-9.0896183902598e-15,3.6534014551926e-14,-1.947562664139e-14,8.2984752525163e-14
0.49,0.0032340507837837,-0.0098483355242031,-4.1311743765407,-3.4922168030721e-16,-9.8597059905612e-16,-9.4788509144861e-14,-2.9599518947538e-16,-1.8942670135625e-13
0.5,0.0034241295848735,-0.010050335311897,-4.1537322160749,-2.1542223271123e-15,-1.6312442360918e-14,7.4297197105635e-14,-2.2837730515888e-14,2.4594277326857e-13
0.51,0.0036149054662407,-0.010252375911747,-4.1759636544887,-1.3499928759479e-14,-2.7404719177889e-14,-1.2046084282692e-13,-1.9123353348727e-14,-2.2557363119759e-13
0.52,0.003806375318971,-0.010454457340248,-4.1978702635276,-1.4104234223237e-14,-2.9082812450504e-14,1.7291419552495e-13,3.1520637630528e-15,2.8440590928863e-13
0.53,0.0039985359939396,-0.010656579613905,-4.2194536351484,-1.3836461816619e-14,-2.8917550308805e-14,8.0140536464747e-14,-5.7570568388922e-15,2.4376234445794e-13
0.54,0.0041913843035469,-0.010858742749232,-4.2407153806453,-1.6712480814152e-14,-2.9789568814273e-14,-2.2184481245466e-13,6.5971747003051e-15,-4.7960809896742e-13
0.55,0.0043849170234477,-0.011060946762754,-4.2616571297808,-1.6519918766102e-14,-2.9528593385219e-14,-9.9983290634433e-14,3.666113976643e-14,-1.2809930689078e-13
0.56,0.0045791308942718,-0.011263191671007,-4.282280529923,-1.6141509563539e-14,-2.9177553710542e-14,-5.6802400304338e-14,4.1474355651829e-15,-9.5210278749519e-14
0.57,0.0047740226233405,-0.011465477490534,-4.3025872451816,-1.5780321337917e-14,-2.868953645601e-14,9.6947168986233e-14,8.4942517935204e-15,1.5876797034675e-13
0.58,0.0049695888863663,-0.011667804237892,-4.3225789555544,-1.5286463246338e-14,-2.8196780071669e-14,-1.0585715789311e-13,7.6348780436944e-15,-1.412921013379e-13
0.59,0.0051658263291446,-0.011870171929644,-4.342257356077,-1.5014162103481e-14,-2.7738917319213e-14,-5.932396982212e-15,1.3426566752393e-14,1.4075092135863e-13
0.6,0.0053627315692241,-0.012072580582365,-4.361624155984,-1.4611330396026e-14,-2.7334783283708e-14,7.2188004456567e-14,1.1985309710205e-14,1.6362384221809e-13
0.61,0.0055603011975637,-0.012275030212642,-4.3806810778764,-1.4397663579677e-14,-2.6967438195973e-14,-2.2144127460636e-15,-9.5879439195183e-15,-4.6426513882292e-14
0.62,0.0057585317801672,-0.012477520837069,-4.3994298568993,-1.4042295608035e-14,-2.6546259747648e-14,-1.1242694889363e-13,6.0235221199133e-15,3.5686483612164e-14
0.63,0.0059574198596969,-0.01268005247225,-4.4178722399324,-1.372213029258e-14,-2.6047344803017e-14,-2.3243434675717e-14,2.0609029709658e-15,-1.100365379899e-13
0.64,0.0061569619570632,-0.012882625134802,-4.4360099847908,-1.3307104958385e-14,-2.5672440770086e-14,7.1985588574608e-14,2.3690728641174e-14,2.2621051509941e-13
0.65,0.0063571545729877,-0.01308523884135,-4.4538448594395,-1.2996533319758e-14,-2.5227713950539e-14,-4.3936845369828e-14,1.1878150908233e-14,-1.5884517242275e-13
0.66,0.0065579941895406,-0.01328789360853,-4.4713786412206,-1.2666315953199e-14,-2.4826645846473e-14,2.4467786234749e-14,-8.8896594506971e-17,5.6332857434304e-14
0.67,0.0067594772716466,-0.013490589452986,-4.4886131160976,-1.2309074826906e-14,-2.4448412930057e-14,1.0141068818687e-13,5.5837499754439e-15,3.0817960169447e-13
0.68,0.0069616002685614,-0.013693326391376,-4.5055500779128,-1.2136584467067e-14,-2.4081754613092e-14,-3.1979543552411e-15,1.1263057193066e-15,-6.5085274643304e-14
0.69,0.0071643596153159,-0.013896104440364,-4.5221913276616,-1.181929314373e-14,-2.3695841005429e-14,-1.478223005585e-14,3.4699726184324e-15,-5.0627440157172e-14
0.7,0.0073677517341252,-0.014098923616626,-4.5385386727849,-1.1458769392265e-14,-2.3319774989957e-14,8.2825244634049e-14,-9.6071001768618e-15,2.5460630603879e-13
0.71,0.0075717730357626,-0.01430178393685,-4.5545939264788,-1.1262614067413e-14,-2.2944313817484e-14,-1.3048436586315e-13,-2.1488930568031e-14,-5.9393806083891e-14
0.72,0.0077764199208991,-0.014504685417731,-4.5703589070207,-1.0997815690339e-14,-2.2646506477802e-14,-8.1839432839261e-14,3.8191131898044e-15,1.3706086238841e-14
0.73,0.0079816887814018,-0.014707628075976,-4.5858354371183,-1.0749759557781e-14,-2.232929648902e-14,-1.387445740281e-13,4.0128400693885e-15,-9.7669902199325e-14
0.74,0.0081875760015956,-0.014910611928301,-4.6010253432744,-1.0401284558807e-14,-2.1919907545364e-14,-8.2453072572952e-14,-2.9024629198987e-15,-2.324137366696e-13
0.75,0.0083940779594839,-0.015113636991434,-4.6159304551741,-1.0155371261769e-14,-2.149726993011e-14,1.6478076141802e-13,-4.0775504981227e-15,2.6337584808098e-13
0.76,0.0086011910279286,-0.015316703282111,-4.6305526050926,-1.0017135396777e-14,-2.1171243496663e-14,-5.811980918432e-14,1.3263429356264e-14,-6.653176084339e-14
0.77,0.0088089115757889,-0.015519810817079,-4.644893627321,-9.8101188620374e-15,-2.0864200922428e-14,-1.7241127415613e-13,1.1294510433147e-14,-4.8068969421568e-13
0.78,0.0090172359690168,-0.015722959613097,-4.6589553576178,-9.5298416239995e-15,-2.0562974489596e-14,1.4794081323949e-14,3.6581640177199e-14,5.5717011306344e-15
0.79,0.0092261605717082,-0.015926149686931,-4.6727396326803,-9.3297730891746e-15,-2.0242272624428e-14,-9.9527990556406e-14,2.2557745113379e-14,-4.3204987897975e-14
0.8,0.0094356817471129,-0.01612938105536,-4.6862482896365,-9.1603903704391e-15,-1.9976299012109e-14,-5.6124198225519e-15,2.2486354166831e-14,2.8680869958632e-14
0.81,0.0096457958585978,-0.016332653735172,-4.6994831655615,-8.8440266408861e-15,-1.9616354020878e-14,2.501078255243e-13,3.644047740193e-14,3.7146453198191e-13
0.82,0.0098564992705662,-0.016535967743165,-4.7124460970161,-8.5962190079963e-15,-1.9267240667658e-14,1.6574854082104e-13,3.5996952307738e-14,3.1748250237086e-13
0.83,0.010067788349332,-0.016739323096147,-4.725138919607,-8.4688169071141e-15,-1.8949798907704e-14,-7.4403706621696e-14,2.1096067317566e-14,-3.7182834774783e-13
0.84,0.010279659463949,-0.016942719810938,-4.7375634675697,-8.1900341077509e-15,-1.8713893219726e-14,9.201620823142e-14,3.5241460963098e-14,-5.6124407903397e-14
0.85,0.010492108986991,-0.017146157904367,-4.7497215733772,-8.0862361319547e-15,-1.8477997550923e-14,8.9653611751422e-14,5.4354294605524e-14,1.8899843135854e-13
0.86,0.010705133295292,-0.017349637393273,-4.7616150673682,-7.8745975517214e-15,-1.819442308401e-14,4.6602278755167e-15,2.1176598939055e-14,-1.4581929489784e-13
0.87,0.010918728770638,-0.017553158294506,-4.7732457773994,-7.6401934352351e-15,-1.7842398958733e-14,-7.3890583184397e-14,1.2634424587728e-14,-2.6146040789398e-14
0.88,0.01113289180041,-0.017756720624925,-4.7846155285216,-7.6239052776331e-15,-1.7654277130282e-14,-8.8243099623769e-14,1.6262685052453e-14,-2.8542624099384e-13
0.89,0.011347618778187,-0.017960324401402,-4.7957261426779,-7.3961482230758e-15,-1.7277257331543e-14,-2.85921995669e-14,2.0276427267326e-14,-9.9935360957476e-14
0.9,0.0115629061043,-0.018163969640816,-4.806579438425,-7.1428701820307e-15,-1.6998422784168e-14,3.8438254509952e-14,3.3819678167134e-14,1.5536322153982e-13
0.91,0.01177875018634,-0.018367656360059,-4.8171772306767,-6.965974375179e-15,-1.6730670827922e-14,-4.5096877240474e-15,2.3105875290263e-14,-6.5681597708213e-14
0.92,0.011995147439627,-0.018571384576032,-4.8275213304699,-7.0152589514499e-15,-1.6539654223718e-14,4.2985965698512e-14,1.4255316827242e-14,-6.5554662884331e-14
0.93,0.012212094287631,-0.018775154305646,-4.8376135447536,-6.8194908557791e-15,-1.6213004746755e-14,3.979038475275e-14,9.8456787706854e-15,8.4380074518152e-14
0.94,0.012429587162344,-0.018978965565823,-4.8474556761991,-5.2681077253757e-15,-9.093979871273e-15,5.4332643353534e-14,2.7582314801912e-14,8.4781974024405e-14
0.95,0.01264762250462,-0.019182818373495,-4.8570495230322,-7.2563583404645e-15,-4.6327350460208e-14,-9.5216070925422e-14,3.2088656371385e-14,-2.2397331682957e-14
0.96,0.012866196764464,-0.019386712745606,-4.8663968788859,4.02354040501e-15,-2.8994754085222e-14,2.361507086721e-13,4.7169965957663e-14,2.6469951955531e-13
0.97,0.01308530640128,-0.019590648699108,-4.8754995326775,-6.1539675470061e-15,-1.6051272202101e-14,-3.6248785024684e-14,2.974830245861e-14,1.5527860519171e-14
0.98,0.013304947884082,-0.019794626250964,-4.8843592685007,-6.0761637933157e-15,-1.4431527688796e-14,-1.3978336382448e-14,2.9065773747767e-14,1.9116306223708e-13
0.99,0.01352511769166,-0.019998645418148,-4.8929778655439,-5.8736824331299e-15,-1.4049381457589e-14,1.4338268129574e-13,2.8517899815298e-14,2.3067899210631e-15
1,0.013745812312709,-0.020202706217644,-4.9013570980249,2.6740875925999e-15,-1.2550896264009e-14,3.364754549867e-15,3.4737997400081e-14,-8.9001724814099e-14
