time,plastic_strain,strain_zz,stress_xx,stress_xy,stress_xz,stress_yy,stress_yz,stress_zz
0,0,0,0,0,0,0,0,0
0.01,0,0.00019997999200609,6.3546390371982e-14,-7.3088245413873e-19,1.4282095902429e-18,6.3532512584175e-14,5.7153671658999e-19,0.22010072405884
0.02,0,0.00039992000001288,-1.4590412211746e-13,-1.2098120877595e-18,1.0283170919648e-18,-1.4593187769307e-13,-1.1991498966933e-18,0.44015744117909
0.03,0,0.00059982004000606,1.4940132464503e-13,-4.0329589642856e-19,7.9977291374094e-19,1.4936663017551e-13,3.4070912972968e-19,0.66017016895528
0.04,0,0.00079968012796175,8.6902707252534e-14,-3.6298898414651e-18,-4.577843570373e-19,8.6854134995207e-14,3.5481848241042e-18,0.88013892497041
0.05,0,0.00099950027984628,1.5210055437365e-14,4.3359725862947e-18,2.858383995154e-18,1.5154544286133e-14,-6.0441605429808e-19,1.1000637267975
0.06,0,0.0011992805116167,4.5068115905877e-13,-3.2269718178277e-18,-8.6933411016793e-18,4.5061870901364e-13,-1.583761065704e-18,1.3199445919993
0.07,0,0.0013990208392201,1.7833651222432e-13,-5.0424582988075e-18,-1.1210660422361e-17,1.7826018439138e-13,1.2370468016074e-17,1.5397815381268
0.08,0,0.001598721278594,3.1627478414009e-14,6.1777006846055e-29,-5.0325422165717e-18,3.1544211687162e-14,-4.333497581887e-18,1.7595745827215
0.09,0,0.0017983818456672,-6.2033711500931e-14,1.6339604589105e-17,1.4651884518246e-17,-6.2130856015585e-14,-2.6729932459283e-19,1.9793237433148
0.1,0,0.0019980025563578,1.3794521080968e-13,-3.9881820068978e-29,6.8748812793482e-19,1.3783418850721e-13,5.5973531193298e-18,2.1990290374266
0.11,0,0.0021975834265753,1.2983364383601e-13,-3.988181992163e-29,-6.8690289136811e-18,1.2970874374574e-13,3.1895196922703e-18,2.4186904825666
0.12,0,0.0023971244722195,-1.6930901125534e-15,-3.9881820078548e-29,5.0402985876944e-18,-1.8249290967276e-15,4.5569093815059e-18,2.6383080962346
0.13,0,0.0025966257091803,3.0502683712186e-13,-1.2106431342456e-18,-1.8318123365263e-18,3.0488805924378e-13,-1.825453626301e-18,2.8578818959195
0.14,0,0.0027960871533384,1.2312373343093e-13,4.4393016128727e-18,-9.6222743048135e-18,1.2297107776504e-13,-4.877924294978e-18,3.0774118990993
0.15,0,0.0029955088205645,9.4861618560316e-14,6.4575685271329e-18,9.1916961889042e-19,9.4702024000526e-14,-2.1267623102135e-17,3.2968981232418
0.16,0,0.0031948907267203,-1.0428463648182e-13,8.072463770907e-18,-2.0627624904164e-17,-1.0445116993552e-13,1.2438435733462e-17,3.5163405858046
0.17,0,0.003394232887658,-4.8648585160294e-14,-1.4994597246967e-28,-1.3703359058157e-18,-4.8828996401795e-14,-9.3502438678773e-18,3.735739304235
0.18,0,0.0035935353192205,1.7839896226945e-14,1.8165307023376e-17,-1.4212096948152e-17,1.7645607197636e-14,-4.533245905701e-18,3.9550942959696
0.19,0,0.0037927980372406,9.1773810773077e-14,-2.6233717089997e-28,-1.3686839692713e-18,9.156564395596e-14,-4.2075039594469e-18,4.1744055784345
0.2,0,0.0039920210575424,-1.5395323904599e-13,-8.0744755301379e-18,2.4325070437755e-17,-1.5416834475701e-13,9.5952241285128e-18,4.3936731690454
0.21,9.2391372874193e-05,0.0041912043959395,-2.0889027685131e-13,8.0338664232973e-26,1.648700913918e-17,-2.0910501407653e-13,1.1396504470805e-17,4.5112942095589
0.22,0.00026165434121107,0.0043903480682371,3.8655716294402e-14,9.5200889844217e-18,1.8678320392909e-17,3.8449504852843e-14,1.4576235479081e-17,4.5443358305152
0.23,0.00043130745409352,0.0045894520902307,-4.5961372499855e-14,2.2075166160865e-19,1.1186029799108e-17,-4.6161040823654e-14,2.2405117534951e-17,4.5769047694955
0.24,0.00060132312693801,0.0047885164777062,-2.3647935289457e-14,-8.174177751769e-18,-3.7267808852392e-17,-2.3843242875885e-14,-2.7582151121429e-18,4.6090313786658
0.25,0.00077169804841951,0.0049875412464397,1.3467881586639e-13,1.5151685717318e-17,6.4280615534208e-18,1.344934471528e-13,-5.9784640470983e-18,4.6407193168565
0.26,0.00094242891814968,0.0051865264121988,-1.3053147235312e-14,-9.4302051705585e-19,-8.6488933079244e-19,-1.3241881210795e-14,-6.22928799923e-18,4.6719722308613
0.27,0.0011135124398895,0.0053854719907408,-2.8270582235471e-14,-1.0042655431952e-17,1.7900737839107e-17,-2.8451586188278e-14,1.314355258182e-17,4.7027937629003
0.28,0.0012849453224607,0.005584377997814,-8.5778924500973e-14,1.7976155541499e-17,2.1924393984834e-18,-8.5948436122509e-14,-1.894758482935e-17,4.7331875496178
0.29,0.0014567242805969,0.0057832444491576,-9.7847504429434e-11,6.3028495685919e-18,-6.626936806632e-18,-9.7847658082482e-11,-1.3035073172905e-17,4.7631572210863
0.3,0.0016288460359891,0.0059820713605008,-9.346866221547e-11,-9.3079280834954e-18,6.727858081576e-19,-9.3468814095042e-11,-1.0281604188895e-17,4.7927063999016
0.31,0.0018013073178716,0.0061808587475638,-8.907799006069e-11,-1.1647781676322e-18,-4.5869159027537e-18,-8.9078144069915e-11,2.0185809117896e-17,4.8218387001655
0.32,0.0019741048640292,0.0063796066260573,-8.5539777226381e-11,-1.101322338075e-18,-3.5544919627912e-21,-8.5539927041734e-11,-1.3503670381809e-18,4.85055772663
0.33,0.0021472354215597,0.0065783150116825,-8.15140828039e-11,-8.6792725456804e-18,3.4810841599722e-18,-8.1514234764364e-11,-4.508305201564e-18,4.8788670737963
0.34,0.002320695747656,0.0067769839201316,-7.8066389403555e-11,1.9337777221021e-19,5.9227774021594e-18,-7.8066539133569e-11,3.7789126430991e-18,4.9067703250526
0.35,0.0024944826103695,0.0069756133670875,-7.4584025462795e-11,-1.5863192015521e-17,1.1729833733405e-17,-7.4584165235937e-11,-6.8588521091292e-18,4.934271051837
0.36,0.0026685927893458,0.007174203368223,-7.1526092857102e-11,2.7385539186389e-19,1.5718295696297e-18,-7.1526230037899e-11,-5.8715030090299e-18,4.9613728128255
0.37,0.0028430230765428,0.0073727539392024,-6.8540223303532e-11,1.2489845502425e-17,1.2821038657113e-17,-6.8540361283717e-11,2.4099846570397e-17,4.9880791531453
0.38,0.0030177702769208,0.0075712650956804,-6.5466183146831e-11,1.7940108881303e-17,7.8407745923808e-18,-6.5466325548316e-11,1.5211376577605e-17,5.0143936036145
0.39,0.0031928312091108,0.0077697368533018,-6.2965593553703e-11,-7.4846453610564e-18,-1.9548524854694e-17,-6.2965739377625e-11,-8.2488435820352e-18,5.0403196800058
0.4,0.0033682027060623,0.0079681692277033,-6.0078895384374e-11,5.1498137326877e-18,9.277438563275e-18,-6.0079041728162e-11,7.6562409189429e-18,5.065860882338
0.41,0.0035438816156614,0.0081665622345113,-5.7824332710846e-11,-2.3427124589103e-17,-2.6020506321242e-17,-5.7824468090004e-11,-2.6619388432792e-17,5.0910206941918
0.42,0.0037198648013314,0.0083649158893431,-5.5378252149351e-11,-9.9505860511931e-18,-5.6016443497594e-18,-5.5378382699151e-11,1.8487505302284e-17,5.1158025820523
0.43,0.0038961491426069,0.0085632302078073,-5.3079854479587e-11,1.6591127307197e-17,2.1675910652777e-17,-5.3079972544757e-11,5.9701297262308e-18,5.140209994677
0.44,0.0040727315356838,0.0087615052055021,-5.0911547658813e-11,-3.5133968955901e-19,2.0639729575928e-17,-5.0911647952173e-11,-2.1932360369593e-18,5.1642463624897
0.45,0.0042496088939488,0.0089597408980177,-4.8719692287243e-11,2.7290845702423e-18,4.8864203532587e-19,-4.8719801763499e-11,-1.9149204762122e-17,5.1879150970007
0.46,0.0044267781484818,0.0091579373009339,-4.6654499177734e-11,2.8996410178013e-19,-4.0577267394179e-19,-4.6654603871218e-11,-1.9171657282569e-17,5.2112195902514
0.47,0.0046042362485384,0.0093560944298218,-4.4960962121046e-11,-4.9085762708622e-19,-1.17120591286e-17,-4.4961067055935e-11,1.4552550496052e-17,5.2341632142857
0.48,0.0047819801620079,0.0095542123002434,-4.2979983540723e-11,-3.5288976992218e-18,-7.0400786908251e-19,-4.2980078693863e-11,4.925714570846e-17,5.2567493206468
0.49,0.0049600068758471,0.009752290927751,-4.1306635428995e-11,-7.1763389615694e-18,3.678844835524e-17,-4.1306737893511e-11,-3.456741405837e-17,5.2789812398976
0.5,0.0051383133964937,0.0099503303278879,-3.9942761370434e-11,8.8727638616999e-20,-1.5296644642769e-18,-3.9942861239007e-11,3.4863126641139e-17,5.3008622811684
0.51,0.0053168967502563,0.010148330516188,-3.8291026385381e-11,3.9151792784503e-18,-1.457797775039e-18,-3.829112275846e-11,-1.4067523970355e-18,5.3223957317276
0.52,0.0054957539836809,0.010346291508177,-3.6701002540718e-11,-1.1738704057998e-19,-8.3577844131182e-18,-3.67011124839e-11,7.0953119104446e-18,5.3435848565781
0.53,0.0056748821638968,0.010544213319369,-3.5270645856098e-11,1.8282481113059e-17,1.903382457281e-17,-3.5270761800508e-11,4.9255786788922e-17,5.3644328980771
0.54,0.0058542783789397,0.010742095965271,-3.3883862235691e-11,1.1215872402153e-17,7.6948102113472e-18,-3.3883979557378e-11,8.1240743235696e-18,5.3849430755805
0.55,0.0060339397380546,0.010939939461381,-3.2608467798845e-11,-1.6219107224813e-18,-2.6628545602873e-17,-3.260858338729e-11,-1.4195640989856e-17,5.4051185851111
0.56,0.0062138633719758,0.011137743823187,-3.1155203867108e-11,6.8943779374421e-18,-6.2331720076084e-18,-3.1155319788013e-11,2.4544261294251e-18,5.4249625990495
0.57,0.006394046433186,0.011335509066167,-3.0151900256262e-11,-1.7226413245711e-17,1.4084159579702e-17,-3.0152020131117e-11,1.6864850331492e-17,5.4444782658483
0.58,0.0065744860961571,0.01153323520579,-2.9019024326279e-11,-1.7823119695864e-18,3.8546354690238e-18,-2.9019138946142e-11,6.3362427283467e-17,5.4636687097698
0.59,0.0067551795575685,0.011730922257518,-2.8060414108199e-11,-4.7600038212395e-18,-2.4180480645695e-18,-2.80605251521e-11,-3.6613760651624e-17,5.4825370306444
0.6,0.0069361240365053,0.011928570236801,-2.7010012239772e-11,1.1588567898186e-17,8.1408884700215e-18,-2.7010114717206e-11,-2.0485273405429e-17,5.5010863036523
0.61,0.0071173167746389,0.012126179159082,-2.5850654128779e-11,-1.0039202984496e-15,8.020926545146e-19,-2.5850756338709e-11,4.501980246499e-17,5.5193195791263
0.62,0.007298755036386,0.012323749039794,-2.5107492768848e-11,-9.6798133400318e-16,1.9916154308504e-17,-2.5107589450936e-11,4.2629099003242e-17,5.5372398823748
0.63,0.0074804361090513,0.012521279894361,-2.4079445425083e-11,-9.7920828662232e-16,-8.8499229526632e-18,-2.4079540186206e-11,-1.5270496731505e-17,5.5548502135274
0.64,0.0076623573029497,0.012718771738196,-2.3394868046564e-11,-8.9557408507517e-16,8.0916160903106e-18,-2.3394957387311e-11,-6.0255352382131e-19,5.5721535473986
0.65,0.0078445159515123,0.012916224586707,-2.2321443718658e-11,-8.9755479528618e-16,-1.055364460812e-17,-2.2321530380398e-11,1.3006043182927e-17,5.5891528333728
0.66,0.0080269094113719,0.013113638455288,-2.1452494527318e-11,-7.9052523908483e-16,-5.7214145645677e-18,-2.1452588353687e-11,-3.1886412050246e-17,5.6058509953079
0.67,0.0082095350624356,0.013311013359328,-2.0891999555654e-11,-7.8101301737787e-16,-5.4609122202107e-18,-2.0892099255032e-11,-1.4180416129851e-17,5.6222509314584
0.68,0.0083923903079374,0.013508349314205,-1.9869863919155e-11,-6.9450395350673e-16,-4.3426151088055e-18,-1.9869963169553e-11,-4.0590589222002e-17,5.6383555144159
0.69,0.0085754725744744,0.013705646335288,-1.9345390102059e-11,-6.7684219578074e-16,-6.656719369989e-19,-1.9345474252929e-11,1.2449999955792e-17,5.6541675910688
0.7,0.0087587793120297,0.013902904437936,-1.8468678773529e-11,-6.4398569528708e-16,-6.7245235023457e-18,-1.8468768144452e-11,1.784478214773e-17,5.6696899825785
0.71,0.0089423079939776,0.014100123637502,-1.8034340005416e-11,-5.6136018856415e-16,4.0171677583406e-18,-1.8034425535838e-11,6.5109786962047e-18,5.6849254843733
0.72,0.0091260561170742,0.014297303949326,-1.7193445084531e-11,-5.6810722639366e-16,-5.1278120192167e-19,-1.7193529642083e-11,3.6418783545684e-18,5.699876866158
0.73,0.0093100212014336,0.014494445388741,-1.6709252918581e-11,-5.5459255958041e-16,-1.6142278599102e-17,-1.6709334826244e-11,7.7492282222441e-17,5.7145468719407
0.74,0.0094942007904911,0.014691547971072,-1.6046543313428e-11,-4.5269059250716e-16,-2.6718080353724e-17,-1.604662739103e-11,-4.1390618426893e-18,5.7289382200738
0.75,0.0096785924509498,0.014888611711632,-1.5602415514345e-11,-4.4571410467089e-16,-3.025567152341e-19,-1.5602504835558e-11,-1.9559422439702e-17,5.7430536033111
0.76,0.0098631937727174,0.015085636625728,-1.4841530759894e-11,-4.0531111571195e-16,1.3619903326303e-17,-1.4841623718742e-11,2.8361147153603e-18,5.7568956888792
0.77,0.010048002368827,0.015282622728655,-1.4506617072606e-11,-4.3990155980491e-16,-1.4806229706245e-17,-1.4506713262409e-11,8.8263765690103e-18,5.7704671185626
0.78,0.010233015875349,0.015479570035702,-1.418656225809e-11,-3.967597803634e-16,-1.1054957340661e-18,-1.4186653911767e-11,-9.0575883909795e-18,5.7837705088029
0.79,0.010418231951288,0.015676478562146,-1.352911919056e-11,-3.3732064292011e-16,-2.7939254572193e-18,-1.3529218220041e-11,1.1995665262524e-17,5.7968084508109
0.8,0.010603648278469,0.015873348323258,-1.3101981136299e-11,-3.3537023580151e-16,8.0670823278771e-19,-1.310208022846e-11,-3.2938125994592e-18,5.8095835106912
0.81,0.010789262561413,0.016070179334298,-1.2669522191529e-11,-2.797451958798e-16,-6.1795789150928e-18,-1.2669622984268e-11,3.7913362990264e-19,5.8220982295793
0.82,0.010975072527204,0.016266971610517,-1.2140575304611e-11,-2.4837527086576e-16,-4.1661637197251e-18,-1.2140683150858e-11,-8.8367926403999e-18,5.83435512379
0.83,0.01116107592534,0.016463725167157,-1.166401320658e-11,-2.8541165232132e-16,3.8367935888265e-18,-1.16641213207e-11,4.534336635085e-18,5.8463566849773
0.84,0.011347270527582,0.016660440019453,-1.1573966718067e-11,-2.8606741283082e-16,1.061327035469e-17,-1.1574066830268e-11,1.7877739637926e-18,5.8581053803049
0.85,0.011533654127786,0.016857116182628,-1.1097806477295e-11,-2.8286165298269e-16,-1.1567698794894e-17,-1.1097903441338e-11,6.7300668485842e-17,5.8696036526267
0.86,0.011720224541733,0.017053753671898,-1.0507957261895e-11,-2.0065699458654e-16,-3.0153434063746e-17,-1.0508047722579e-11,-4.755180617465e-17,5.8808539206778
0.87,0.011906979606943,0.017250352502469,-1.0217561303486e-11,-1.6167028640142e-16,7.0267039636576e-19,-1.0217644920303e-11,-6.3373664316429e-17,5.8918585792739
0.88,0.012093917182491,0.01744691268954,-9.863988936103e-12,-9.4171760522042e-16,3.2753611514151e-18,-9.8640717146213e-12,6.1124722749382e-17,5.9026199995208
0.89,0.012281035148803,0.017643434248297,-9.8050007598337e-12,-1.0257968241285e-15,-2.8980486335573e-17,-9.8050870543857e-12,3.5770253521792e-17,5.9131405290307
0.9,0.012468331407458,0.017839917193922,-9.2946203241468e-12,-9.2208989910201e-16,-1.662902044725e-18,-9.2947052419527e-12,-7.767994838242e-18,5.9234224921485
0.91,0.012655803880968,0.018036361541585,-9.1712918367004e-12,-8.9649449605816e-16,1.4027628099515e-17,-9.171374595631e-12,8.0770863689936e-18,5.9334681901836
0.92,0.012843450512569,0.018232767306447,-8.807990681819e-12,-8.3373233249799e-16,8.2012716179911e-18,-8.80806872807e-12,1.7201242709033e-17,5.943279901651
0.93,0.013031269265989,0.018429134503662,-8.4637880821486e-12,-7.9480465470174e-16,6.9707997347627e-18,-8.4638692930735e-12,-6.9496861036143e-18,5.9528598825167
0.94,0.013219258125223,0.018625463148373,-8.0604719119807e-12,-7.3011081475892e-16,-3.7442449055743e-18,-8.0605433609039e-12,2.5407066556463e-17,5.9622103664521
0.95,0.013407415094293,0.018821753255715,-8.1348783040459e-12,-6.9548877768851e-16,-8.7811797004018e-18,-8.1349521925299e-12,-8.4538111523277e-17,5.9713335650916
0.96,0.013595738197013,0.019018004840813,-7.7639366120247e-12,-6.1642728501331e-16,3.8422385076229e-17,-7.7640180236435e-12,1.1445073569292e-17,5.9802316682984
0.97,0.013784225476739,0.019214217918787,-7.6281923053142e-12,-5.9657908011724e-16,-4.0153069181671e-18,-7.6282761855576e-12,1.5560446141108e-18,5.9889068444327
0.98,0.013972874996123,0.019410392504742,-7.367913293677e-12,-5.8616691205586e-16,2.3029184687865e-17,-7.3679940216344e-12,-6.2913616647488e-18,5.9973612406271
0.99,0.014161684836857,0.01960652861378,-7.0230315869294e-12,-5.9626868530629e-16,-5.7165279757751e-18,-7.0231141192257e-12,3.0398509492812e-20,6.0055969830646
1,0.014350653099419,0.01980262626099,-6.80082976856e-12,-4.8284605569662e-16,4.0661284523499e-18,-6.8009161880494e-12,7.6846045584983e-17,6.0136161772613
