time,plastic_strain,strain_yy,stress_xx,stress_xy,stress_xz,stress_yy,stress_yz,stress_zz
0,0,0,0,0,0,0,0,0
0.01,0,0.00019997999200598,-7.2355316182993e-14,-7.5607243253623e-20,-9.8529156275484e-19,0.11688431895599,-5.5680375862824e-19,-3.043953977766e-13
0.02,0,0.00039992000001288,-2.4303475898435e-14,5.0407120053418e-19,1.1138650556708e-18,0.23374526806168,-2.2843646741617e-18,-3.2134017668994e-14
0.03,0,0.00059982004000595,9.3373225817928e-14,2.0163764274583e-18,1.5422658957364e-18,0.35058285666,1.1988189711369e-18,1.4414858195977e-13
0.04,0,0.00079968012796152,-9.4353344581855e-14,-5.0411647475075e-19,-1.4294394693362e-23,0.46739709408868,-2.2833692779302e-18,2.8026192477881e-14
0.05,0,0.00099950027984616,1.2479774158525e-13,-2.5206984534833e-18,2.856150830629e-18,0.5841879896801,6.8431295514332e-18,4.1688874574675e-14
0.06,0,0.0011992805116164,1.0735162758735e-13,-4.6973633684569e-25,-3.4269270439792e-19,0.70095555276041,-3.3751139008654e-19,1.9412943474961e-13
0.07,0,0.0013990208392198,3.7140429620663e-14,-4.6973633684564e-25,-2.856418311799e-18,0.81769979265056,-1.0232157149177e-18,1.0515199821981e-13
0.08,0,0.0015987212785937,-1.6969932403743e-13,-4.6973633684544e-25,-1.0854699406178e-17,0.93442071866558,1.4910583351477e-18,-3.4181685260037e-13
0.09,0,0.0017983818456668,-4.4587597503032e-14,-4.6973633684565e-25,3.1996148415973e-18,1.0511183401158,5.0139838698714e-18,-1.1030759639041e-13
0.1,0,0.0019980025563576,1.8286934466705e-13,-4.6973633684567e-25,-9.1436479190993e-19,1.1677926663051,1.0694003190916e-17,3.1480373863246e-13
0.11,0,0.0021975834265749,-9.4721105958762e-14,-4.6973633684594e-25,-8.9126416723013e-18,1.2844437065316,-1.3796682671859e-18,-2.3486074196555e-13
0.12,0,0.0023971244722191,2.2006702016242e-13,4.8412654133883e-18,-6.8562822163123e-19,1.4010714700892,2.1682409303007e-19,4.7467585417849e-13
0.13,0,0.0025966257091798,-2.1441182163073e-15,1.1296795216528e-17,-4.114025653385e-18,1.5176759662646,4.5694103431584e-18,-6.1645133442312e-14
0.14,0,0.0027960871533376,1.1827518131557e-13,1.2104939993758e-23,1.645804918698e-17,1.6342572043401,-1.2970156293944e-17,1.2204820487582e-13
0.15,0,0.0029955088205636,-1.7406735774994e-13,1.2104939993758e-23,-1.3707439211915e-18,1.7508151935917,-2.2068495667476e-17,-2.8427260545527e-13
0.16,0,0.0031948907267194,-5.6067997467046e-14,-8.0702041616097e-18,1.0059085779012e-17,1.8673499432906,-8.8888188459553e-18,9.5333463345781e-14
0.17,0,0.003394232887657,-6.835504384739e-14,-8.0705706392591e-18,-2.2847170445772e-18,1.9838614627017,1.9820469749453e-17,-1.3787582187064e-14
0.18,0,0.0035935353192195,2.3294040307764e-13,-6.456750470244e-18,-3.8864472512558e-18,2.100349761085,-2.951072726199e-18,3.6567276984201e-13
0.19,0,0.0037927980372393,-3.9892741887648e-13,1.6142469273847e-18,-4.8038130077144e-18,2.2168148476938,-3.9125323958843e-18,-7.4307227038162e-13
0.2,0,0.0039920210575409,-8.0938727942126e-14,8.0716381843478e-18,-1.8750247255449e-17,2.3332567317782,-4.8139347374079e-18,-1.7817691766453e-13
0.21,0,0.0041912043959383,3.2812294548101e-14,4.6852364090301e-25,1.2344732781002e-17,2.4496754225805,2.2163431286737e-18,-1.0262624083879e-13
0.22,0.00015955026048468,0.0043903480682361,-1.8610373411017e-11,4.5435092081207e-25,4.4465681915924e-18,2.4728320000523,4.8168683683394e-19,-1.5715855583603e-11
0.23,0.0003281272941391,0.0045894520902297,-8.644551680833e-12,4.3995479516153e-25,-2.3444210011676e-18,2.4906902833797,1.2695165645593e-17,-7.2382140303475e-12
0.24,0.00049707614674457,0.0047885164777049,-8.3777179467939e-12,4.2608006731923e-25,-4.0027698078447e-17,2.5083081153496,-4.4121432825032e-18,-7.1906026900104e-12
0.25,0.00066639201011856,0.0049875412464386,-7.5935592233958e-12,4.1270438726044e-25,9.9805590433568e-18,2.5256883150214,-1.9778376869692e-17,-6.1877096286888e-12
0.26,0.00083607161665329,0.0051865264121977,-7.3084336443806e-12,3.9980644218318e-25,1.1470149250186e-17,2.5428328011541,-3.449873699402e-17,-5.939209199374e-12
0.27,0.0010061117008359,0.0053854719907396,-6.9733579603481e-12,1.9536593939063e-17,-1.1957477648245e-17,2.5597434912776,1.7652056343375e-17,-5.8415522519282e-12
0.28,0.0011765089999157,0.0055843779978129,-6.5180863351631e-12,-6.0460788088063e-19,5.7096770244396e-18,2.5764223013024,-1.1444222962266e-17,-5.4174135413203e-12
0.29,0.0013472602548259,0.0057832444491563,-6.1730718971615e-12,-5.8595249364502e-19,1.4882227736005e-17,2.5928711449801,-6.7580240047763e-18,-5.2798534110643e-12
0.3,0.0015183622110885,0.0059820713604995,-6.0098455261416e-12,-5.6794590443563e-19,1.0464547607373e-17,2.6090919333756,-1.799666280843e-17,-5.0362335902238e-12
0.31,0.0016898116196955,0.0061808587475622,-5.7274895298499e-12,-5.5056160577756e-19,-5.3882998613736e-18,2.6250865743515,9.4286651695484e-18,-4.8861035646033e-12
0.32,0.0018616052379733,0.0063796066260559,-5.2846553856584e-12,-5.3377438631666e-19,1.4326735282782e-18,2.6408569720637,2.1012753569247e-17,-4.089238344427e-12
0.33,0.0020337398304206,0.0065783150116812,-4.9605241039848e-12,-5.1756025549301e-19,1.161969725488e-17,2.6564050264702,5.30621071647e-19,-3.7964122874032e-12
0.34,0.0022062121695311,0.0067769839201301,-4.7122959637077e-12,-5.0189637331243e-19,-4.7117547379691e-18,2.671732632852,-2.9789354324492e-18,-4.0318137968149e-12
0.35,0.0023790190365905,0.0069756133670857,-4.6856218361104e-12,-4.8676098482366e-19,1.987956257971e-17,2.6868416813469,-7.774106103369e-18,-4.2917086645712e-12
0.36,0.0025521572224524,0.0071742033682212,-4.3293999020754e-12,-4.721333589412e-19,2.7785390175905e-17,2.701734056496,7.0274027206502e-18,-3.7250424867222e-12
0.37,0.0027256235282909,0.0073727539392006,-4.2196184500734e-12,7.3531117830001e-18,6.5683199257136e-18,2.7164116368031,4.9238430301855e-17,-3.7181903261863e-12
0.38,0.0028994147663335,0.0075712650956782,-3.9365589475234e-12,-6.7689972638847e-19,-1.6301917272666e-17,2.7308762943076,-2.4199051004907e-17,-3.0809087077347e-12
0.39,0.0030735277605678,0.0077697368532997,-3.9477567245949e-12,-6.5676088613238e-19,2.8186638694297e-17,2.7451298941706,1.1031970870521e-17,-3.3342187625084e-12
0.4,0.0032479593474301,0.0079681692277013,-3.4624194835762e-12,-6.3728320022041e-19,-2.3302532019814e-17,2.7591742942738,1.1147531935222e-17,-2.6009929197826e-12
0.41,0.0034227063764634,0.0081665622345093,-3.3915603607796e-12,-1.6236285841442e-17,3.1370433896695e-18,2.7730113448329,-2.7131803645262e-17,-2.9137607258143e-12
0.42,0.0035977657109621,0.0083649158893415,-3.0689194319091e-12,1.2742525546642e-17,7.0613694815297e-18,2.786642888023,-2.0964831590245e-18,-2.2982645107321e-12
0.43,0.0037731342285848,0.0085632302078056,-2.8722190672732e-12,-5.1454970826898e-19,2.0669625916465e-17,2.8000707576188,1.6982943018311e-17,-2.2990363274448e-12
0.44,0.0039488088219495,0.0087615052055004,-2.9338620307759e-12,9.2593276885193e-18,7.2095128650863e-18,2.8132967786479,1.2090816605111e-17,-2.522465679977e-12
0.45,0.0041247863992043,0.0089597408980157,-2.8972736765838e-12,-7.6913423442657e-19,-6.3382634096016e-18,2.8263227670571,-1.3458029783016e-17,-2.5613852083092e-12
0.46,0.0043010638845736,0.0091579373009319,-2.5497541633105e-12,-7.4671994021419e-19,-4.3864169678852e-18,2.8391505293928,2.4073293370846e-18,-2.1779959682417e-12
0.47,0.0044776382188816,0.0093560944298196,-2.6809312744839e-12,-7.2501701053526e-19,-1.5990508612387e-18,2.851781862495,1.8720012127817e-17,-2.1999663985469e-12
0.48,0.0046545063600563,0.0095542123002411,-2.2883475907313e-12,-7.0399980888319e-19,-6.0059243915865e-18,2.8642185532039,1.1116058448412e-17,-1.6373427726302e-12
0.49,0.0048316652836039,0.0097522909277486,-2.3055534718917e-12,-6.8364377841032e-19,1.597291486304e-17,2.8764623780806,-5.736070625672e-17,-1.9138535600286e-12
0.5,0.0050091119830678,0.0099503303278853,-2.2400137622201e-12,9.4795972334129e-18,1.6439485047713e-17,2.8885151031412,2.5644708088257e-17,-1.9990261587054e-12
0.51,0.00518684347046,0.010148330516186,-1.9355188326459e-12,-9.3558396670335e-19,7.5497902475341e-18,2.9003784836034,-9.5784040359206e-18,-1.4233303608095e-12
0.52,0.0053648567766708,0.010346291508174,-2.0749439242315e-12,1.2353167189685e-17,-6.0088421290517e-18,2.9120542636467,7.9466457149194e-18,-1.6614324088142e-12
0.53,0.0055431489518598,0.010544213319367,-1.8505284368442e-12,-1.2610160946368e-18,1.0183907921423e-17,2.9235441761854,2.6778978488854e-17,-1.2249634960134e-12
0.54,0.0057217170658186,0.010742095965269,-1.6432539110739e-12,8.1343569513486e-18,1.0057372659611e-18,2.9348499426548,4.2922782178101e-17,-1.3808253643521e-12
0.55,0.0059005582083183,0.010939939461379,-1.7827037543652e-12,-1.4558169145062e-18,-4.3659345492989e-18,2.9459732728096,-5.1743751780821e-17,-1.5785471480991e-12
0.56,0.0060796694894317,0.011137743823185,-1.8303016653523e-12,1.1841723761452e-17,1.1784755446369e-17,2.9569158645354,-8.7244028632148e-18,-1.6501946002112e-12
0.57,0.0062590480398338,0.011335509066164,-1.6771644936877e-12,1.7743063225706e-17,-2.3320083683378e-18,2.9676794036724,2.871324929018e-17,-1.1836965310644e-12
0.58,0.0064386910110837,0.011533235205788,-1.5286598055099e-12,1.0613916155236e-17,4.4100723084714e-18,2.9782655638508,5.2392160579569e-17,-1.1616725546582e-12
0.59,0.0066185955758844,0.011730922257515,-1.497495687642e-12,-2.5478986783146e-18,2.345554130466e-17,2.9886760063397,-5.9379041635081e-17,-1.2490074573222e-12
0.6,0.0067987589283227,0.011928570236799,-1.5907242611834e-12,-1.5725897527991e-17,4.5861989195942e-18,2.9989123799064,-1.618070322937e-17,-1.4458358524042e-12
0.61,0.0069791782840884,0.01212617915908,-1.2955556844764e-12,-9.048469444648e-18,-7.3854225471484e-16,3.0089763206881,4.013441670889e-17,-1.17490703921e-12
0.62,0.0071598508806743,0.012323749039792,-1.2839135011466e-12,-1.7811347865674e-18,-7.4999445744464e-16,3.0188694520755,3.8281466903631e-17,-1.1968161316012e-12
0.63,0.0073407739775579,0.012521279894358,-1.1742676464603e-12,-1.731137828441e-18,-7.3932217811857e-16,3.0285933846067,-1.3756553826524e-17,-7.0260875163272e-13
0.64,0.0075219448563607,0.012718771738194,-1.1242855006284e-12,-1.6826283816946e-18,-7.467808881064e-16,3.0381497158727,-1.2983996276691e-17,-9.1587185447735e-13
0.65,0.0077033608209943,0.012916224586704,-1.0384131931173e-12,6.5430770128436e-18,-7.1530172012476e-16,3.0475400304345,2.2824447083893e-17,-9.8953500246139e-13
0.66,0.0078850191977826,0.013113638455286,-1.3240920603005e-12,-9.605332535916e-18,-6.7839765889301e-16,3.0567658997494,1.2028059930836e-17,-1.3448640165286e-12
0.67,0.0080669173355713,0.013311013359326,-9.8327380723403e-13,-1.5504195623359e-18,-6.4157273628766e-16,3.0658288821086,-3.0075688683041e-17,-7.8151862735232e-13
0.68,0.0082490526058149,0.013508349314203,-1.0975873508889e-12,-1.5072544899459e-18,-6.5474777643427e-16,3.0747305225851,-8.4959182899451e-18,-1.1830199826983e-12
0.69,0.0084314224026518,0.013705646335285,-9.7127110816303e-13,-1.4653544501931e-18,-6.3149548208863e-16,3.083472352991,1.5069129503688e-18,-7.4100393894934e-13
0.7,0.0086140241429584,0.013902904437934,-8.7875210310476e-13,-1.4246788977366e-18,-6.1108709979264e-16,3.0920558918449,1.4789165146597e-17,-4.1548255099069e-13
0.71,0.0087968552663899,0.014100123637499,-1.018894221335e-12,-9.1680675493895e-18,-5.9210633007316e-16,3.1004826443483,6.9481549592192e-18,-9.3656922233072e-13
0.72,0.0089799132354054,0.014297303949323,-8.5212405846074e-13,-1.7085217284181e-17,-5.4998662957277e-16,3.1087541023722,9.9967700712579e-19,-4.2733910572336e-13
0.73,0.0091631955352733,0.014494445388739,-9.4103486995972e-13,-6.6262246256404e-19,-5.9412319246609e-16,3.1168717444512,5.7098622904097e-17,-9.365646504373e-13
0.74,0.0093466996740702,0.014691547971069,-8.237789858748e-13,-6.4432944460391e-19,-5.0695895122875e-16,3.1248370357875,-4.75059356449e-17,-7.655350977606e-13
0.75,0.0095304231826555,0.014888611711629,-7.2319529087624e-13,-9.960699175394e-18,-5.5399629971146e-16,3.1326514282628,-3.9539415531756e-18,-8.1310161805738e-13
0.76,0.0097143636146395,0.015085636625725,-8.4290980812109e-13,8.9790907015445e-18,-4.9997754309901e-16,3.1403163604586,1.6190068208838e-17,-7.5141917086821e-13
0.77,0.0098985185463351,0.015282622728652,-7.2329691159937e-13,-5.9922568036548e-19,-5.4767201953742e-16,3.1478332576843,8.2484036714563e-18,-4.932146356557e-13
0.78,0.010082885576695,0.015479570035699,-6.5086816946537e-13,-5.8276277153754e-19,-5.0276018279156e-16,3.1552035320133,5.9290679994373e-18,-5.3431103101918e-13
0.79,0.01026746232724,0.015676478562144,-6.5333966029097e-13,-5.6677006151157e-19,-4.9466318747516e-16,3.1624285823258,1.9650198633964e-17,-5.1800572287192e-13
0.8,0.010452246441969,0.015873348323255,-7.1819268035881e-13,-8.3238984879089e-18,-4.3147177817805e-16,3.1695097943596,1.4700083968798e-17,-7.3939738532257e-13
0.81,0.010637235587266,0.016070179334295,-6.8714844692854e-13,-9.6502923612441e-18,-4.711336634931e-16,3.1764485407675,-1.1876868933977e-18,-7.1875578554604e-13
0.82,0.010822427451784,0.016266971610514,-5.1179171321962e-13,-6.2003573661569e-20,-4.2416388224632e-16,3.1832461811813,-2.8067265419353e-17,-3.5679093692407e-13
0.83,0.011007819746331,0.016463725167155,-6.4637189940826e-13,2.3246926191509e-17,-3.962189233374e-16,3.1899040622823,-5.6800835242477e-18,-9.0349553775614e-13
0.84,0.011193410203734,0.01666044001945,-4.8101452247365e-13,-6.9127410148058e-19,-4.4035162936371e-16,3.1964235178779,-1.3989280538503e-17,-5.535088681399e-13
0.85,0.011379196578701,0.016857116182625,-4.3621701021499e-13,-6.7241675149838e-19,-3.9105969848768e-16,3.202805868984,4.3832523263166e-17,-4.7995954257389e-13
0.86,0.011565176647665,0.017053753671895,-3.846173740389e-13,-6.5408997935703e-19,-4.2106719479328e-16,3.2090524239139,-5.5578037646841e-18,-3.8623013382644e-13
0.87,0.011751348208632,0.017250352502467,-3.0768585902365e-13,-1.3835361518299e-17,-3.7717629635126e-16,3.2151644783709,-5.4411185932941e-17,-5.4600832217349e-14
0.88,0.011937709081004,0.017446912689537,-2.6937988110454e-13,-8.8012255532562e-18,-9.2874950270712e-16,3.2211433155483,7.2953703333349e-17,-3.3321835714983e-13
0.89,0.012124257105404,0.017643434248295,-3.9850374377277e-13,-1.1666643927046e-17,-9.4351768110981e-16,3.2269902062323,6.2397366345838e-17,-4.8201607621033e-13
0.9,0.012310990143494,0.01783991719392,-4.316675549128e-13,8.0512309009874e-18,-8.9242829520818e-16,3.2327064089109,-4.7949240073219e-17,-3.0835379145333e-13
0.91,0.012497906077775,0.018036361541583,-4.836892389265e-13,2.1799107469409e-17,-8.3150777751006e-16,3.2382931698869,9.0141651022891e-18,-4.3255439245949e-13
0.92,0.012685002811392,0.018232767306445,-1.7156565211099e-13,1.8132459759072e-18,-7.9220430784134e-16,3.243751723395,5.4134611387967e-18,1.4289631370026e-14
0.93,0.012872278267923,0.01842913450366,-3.9382197183924e-13,-6.768098262377e-18,-7.8692151113174e-16,3.2490832917228,-8.0343242412714e-18,-1.4546444273318e-13
0.94,0.013059730391169,0.018625463148371,-2.904454167849e-13,-1.5891051221706e-17,-7.773373626497e-16,3.2542890853365,-2.8957443434979e-18,-2.7642104477719e-13
0.95,0.013247357144929,0.018821753255713,-2.6261656798529e-13,4.7027847731243e-20,-7.0374186049164e-16,3.2593703030086,-8.0002173438866e-17,-4.2054526830279e-13
0.96,0.013435156512778,0.019018004840811,-2.8680390955545e-13,-2.2800319060919e-18,-6.7570401562691e-16,3.2643281319506,7.3213941561281e-17,-2.5534643581225e-13
0.97,0.013623126497835,0.019214217918785,-1.4994127191508e-13,-1.9271242377731e-17,-6.5596795096203e-16,3.2691637479473,-1.3353437304432e-17,-1.8713634401168e-13
0.98,0.013811265122526,0.019410392504741,-3.4092901973041e-13,6.2453211922905e-19,-6.1262982816021e-16,3.2738783154954,-7.8628965152981e-18,-1.0467610502714e-13
0.99,0.013999570428346,0.019606528613778,-3.0574002897698e-13,1.6104933027373e-17,-6.5022291053026e-16,3.278472987944,3.880171976376e-18,-3.6605824037497e-13
1,0.014188040475608,0.019802626260988,-2.3606943727199e-13,1.3345900663578e-17,-5.9809684163843e-16,3.2829489076377,9.1296888742918e-17,-2.5038682561722e-13
