time,interface_damage,interface_delta_eff,normal_jump,normal_traction,plastic_strain,stress_xx,stress_xy,tangent_jump,tangent_traction
0,0,0,0,0,0,0,0,0,0
0.005,0,3.130718971162e-06,-4.5900108395903e-09,1.646468964195,0,1.628212612759,20.45020825408,3.0909032796391e-06,20.449228292587
0.01,0,6.2288791788758e-06,-2.0305125965307e-09,1.369177341371,0,1.3096849831332,37.470038671403,6.2088598897787e-06,37.470196081888
0.015,0,9.3486658391738e-06,3.9011281193133e-09,1.2393259879571,0,1.1169900409823,53.409894147881,9.3351796505784e-06,53.409494030255
0.02,0,1.2478720362889e-05,1.3031626193739e-08,1.1634043669066,0,0.96126956658918,68.455451097789,1.2468433534036e-05,68.454836454985
0.025,0,1.5616033203076e-05,2.5147511826344e-08,1.1196931596399,0,0.82351190462531,82.736896205564,1.5607612270889e-05,82.736336150346
0.03,0,1.8759250281185e-05,4.005489522857e-08,1.0990629343852,0,0.69673368738325,96.342716824349,1.8752028486912e-05,96.342382292671
0.035,0,2.1907586377056e-05,5.7578609238504e-08,1.0965051599074,0,0.57773039613678,109.33722201939,2.1901182069755e-05,109.33723214665
0.04,0,2.5060514544815e-05,7.7558627819806e-08,1.1088103756641,0,0.46485086791069,121.76987582105,2.5054688104202e-05,121.77031835852
0.045,0,2.8217647069287e-05,9.9847234276748e-08,1.1336998919255,0,0.35718336404001,133.68040186073,2.8212237371571e-05,133.68134284757
0.05,0,3.1378680515098e-05,1.2430696447466e-07,1.1694342398085,0,0.25419941163607,145.10176952132,3.1373573210068e-05,145.10325854298
0.055,0,3.4543366870425e-05,1.5080909901728e-07,1.2146128405799,0,0.15557850991838,156.06205060194,3.4538477111621e-05,156.06412404819
0.06,0,3.7711496891415e-05,1.7923252889668e-07,1.2680617889271,0,0.061114631363255,166.58563404776,3.7706759289198e-05,166.58831736892
0.065,0,4.0882889770405e-05,2.0946287832182e-07,1.3287666420918,0,-0.029336423987463,176.69405498709,4.0878252232933e-05,176.69736439967
0.07,0,4.4057386353911e-05,2.4139180891209e-07,1.3958301169694,0,-0.11588764891472,186.40658087174,4.4052806149823e-05,186.41052473381
0.075,0,4.7234844483689e-05,2.7491645509567e-07,1.468444489341,0,-0.19863883206816,195.7406384382,4.7230285638566e-05,195.74521840871
0.08,0,5.041513567482e-05,3.0993895676949e-07,1.5458731345979,0,-0.27768697993,204.71213275424,5.0410567202312e-05,204.71734479862
0.085,0,5.3598142672614e-05,3.4636606570438e-07,1.6274379899123,0,-0.35313201724144,213.33569094094,5.3593537346619e-05,213.34152621816
0.09,0,5.678375760837e-05,3.8410880903545e-07,1.712510967953,0,-0.42507948124966,221.6248519706,5.6779091096668e-05,221.63129762252
0.095,0,5.9971880575973e-05,4.2308219778906e-07,1.8005080550101,0,-0.49364129007818,229.59221699683,5.9967130821529e-05,229.59925685237
0.1,0,6.3162418512232e-05,4.6320497156606e-07,1.8908852412783,0,-0.55893529975088,237.24957022726,6.3157565287806e-05,237.25718542981
0.105,0,6.6355284301562e-05,5.0439937271746e-07,1.9831356889217,0,-0.62108413745415,244.60797742499,6.6350308887609e-05,244.61614698899
0.11,0,6.9550396049758e-05,5.4659094492525e-07,2.0767877130596,0,-0.68021365464468,251.67786715415,6.9545281001142e-05,251.68656845562
0.115,0,7.2747676487532e-05,5.8970835223894e-07,2.1714032689161,0,-0.73645124110427,258.46909852676,7.2742405464674e-05,258.47830773235
0.12,0,7.594705247513e-05,6.3368321545103e-07,2.2665767250774,0,-0.78992416851138,264.99101825591,7.5941610122114e-05,265.00071069471
0.125,0,7.9148454586816e-05,6.7844996331012e-07,2.3619337689458,0,-0.84075807522859,271.25250913806,7.9142826443643e-05,271.26265962063
0.13,0,8.2351816759182e-05,7.2394569653602e-07,2.4571303418709,0,-0.8890756595226,277.26203159341,8.2345989198744e-05,277.27261468274
0.135,0,8.5557075990998e-05,7.7011006295517e-07,2.5518515412794,0,-0.93499561580254,283.02765952884,8.5551036173752e-05,283.03864976786
0.14,0,8.8764172085067e-05,8.1688514235312e-07,2.6458104573756,0,-0.97863182125122,288.55711151614,8.8757907926194e-05,288.56848361643
0.145,0,9.1973047424607e-05,8.6421533985902e-07,2.7387469340345,0,-1.0200927631615,293.85777807285,9.1966547569767e-05,293.86950706908
0.15,0,9.518364677819e-05,9.1204728685588e-07,2.8304262586707,0,-1.0594811847136,298.93674567589,9.5176900585022e-05,298.94880705039
0.155,0,9.8395917128512e-05,9.6032974855705e-07,2.920637795343,0,-1.0968939193421,303.80081801735,9.8388914651771e-05,303.81318779888
0.16,0,0.00010160980752113,1.0090135375121e-06,3.0091935803742,0,-1.1324218821664,308.45653491687,0.00010160253949997,308.46918975731
0.165,0,0.00010482526893008,1.0580514324072e-06,3.0959269014426,0,-1.1661501852258,312.91018923093,0.0001048177267764,312.92310646326
0.17,0,0.00010804225413782,1.1073981016136e-06,3.180690880491,0,-1.1981583474838,317.16784204015,0.00010803442992495,317.18099972072
0.175,0,0.00011126071762738,1.1570100310132e-06,3.2633570786938,0,-1.2285205714151,321.23533634823,0.00011125260407867,321.24871328598
0.18,0,0.00011448061548511,1.2068454556913e-06,3.3438141388472,0,-1.2573060639661,325.11830948835,0.000114472205962,325.13188526331
0.185,0,0.00011770190531244,1.2568642951447e-06,3.4219664773605,0,-1.284579382475,328.82220440179,0.00011769319380199,328.83595937464
0.19,9.6588338684608e-07,0.00012092454756367,1.3070274050014e-06,3.4977288419567,0,-1.310399926192,332.35210288859,0.000120915528673,332.36601805823
0.195,5.7545467213228e-06,0.00012414850546758,1.3572964216405e-06,3.5710249889711,0,-1.3348217754759,335.71273558608,0.00012413917441913,335.72679288145
0.2,1.386394144232e-05,0.00012737373947809,1.4076364156141e-06,3.6418028646147,0,-1.3578985901485,338.90917519904,0.00012736409207371,338.92335708297
0.205,2.486632391463e-05,0.00013060021194686,1.4580136310681e-06,3.7100197094765,0,-1.3796801634023,341.94625321524,0.00013059024455564,341.96054294633
0.21,3.845214458857e-05,0.00013382788658766,1.5083956464586e-06,3.775642457683,0,-1.4002131302478,344.82862702524,0.00013381759613088,344.84300868923
0.215,5.4348646592603e-05,0.00013705672828973,1.55875138665e-06,3.8386472143992,0,-1.4195415234717,347.56080344927,0.00013704611222473,347.57526187242
0.22,7.2307239014947e-05,0.00014028670304884,1.6090510834291e-06,3.8990184675729,0,-1.437706950649,350.14714752018,0.00014027575935233,350.16166825417
0.225,9.2100499577696e-05,0.0001435177779169,1.6592662307107e-06,3.9567483178453,0,-1.4547488355688,352.5918889405,0.00014350650506809,352.606458243
0.23,0.00011352029673994,0.00014674992095651,1.7093695408143e-06,4.0118357637301,0,-1.4707046327384,354.89912792,0.00014673831791993,354.91373273363
0.235,0.00013637615982738,0.00014998310119855,1.7593349024095e-06,4.0642860426636,0,-1.485610019408,357.07284061065,0.0001499711674068,357.08746854127
0.24,0.00017059766345577,0.0001532173082528,1.8091250731909e-06,4.114048355634,0,-1.4994851814235,359.11443085356,0.00015320504373688,359.12906766055
0.245,0.00026366933738407,0.00015645258468382,1.8586695692999e-06,4.1609119747758,0,-1.5123038629337,361.01868706973,0.00015643999047456,361.03331994199
0.25,0.00041282190813516,0.0001596888873451,1.9079514065819e-06,4.2049410404227,0,-1.5241078716867,362.79109734855,0.00015967596482913,362.80571204268
0.255,0.00061032471963249,0.00016292617449549,1.956955072779e-06,4.2462031121862,0,-1.5349407863177,364.43697186099,0.00016291292538977,364.45155287848
0.26,0.00085222353660778,0.00016616441274277,2.0056616311321e-06,4.2847460675837,0,-1.5448338498075,365.96055655002,0.00016615083912903,365.97509123954
0.265,0.0011360968672877,0.00016940357160674,2.0540519756509e-06,4.3206147400494,0,-1.5538171541402,367.3657325742,0.00016938967592707,367.38020971611
0.27,0.0014600914497137,0.00017264362289933,2.102107070385e-06,4.3538526325657,0,-1.561920537793,368.65611072473,0.00017262940794906,368.67051949331
0.275,0.0018204999515758,0.00017588453544274,2.1498117170616e-06,4.3845180241589,0,-1.5691753054747,369.83567733513,0.00017587000431662,369.85000784091
0.28,0.0022134999063596,0.00017912627900422,2.1971517702387e-06,4.412670988028,0,-1.5756124365542,370.90829752847,0.00017911143507656,370.92254043976
0.285,0.0026488833067656,0.00018236885634231,2.2440899938821e-06,4.4382696518554,0,-1.5812377178564,371.87371414829,0.00018235370354855,371.88785623112
0.29,0.0032212212166511,0.00018561243054573,2.2904663125812e-06,4.4607578402534,0,-1.5859209081257,372.71163684881,0.0001855969749159,372.72566321229
0.295,0.0039353005045586,0.00018885696834713,2.3362644104039e-06,4.4802143942531,0,-1.589688216411,373.42628147047,0.00018884121621194,373.44017776298
0.3,0.0047727623811729,0.00019210240753008,2.3814928141991e-06,4.4968166637615,0,-1.592606708078,374.02550122124,0.00019208636519945,374.03924587985
0.305,0.0057195629806016,0.00019534869737919,2.4261542658485e-06,4.5107093619984,0,-1.5947183984328,374.51571022089,0.00019533237120383,374.52928789607
0.31,0.006782029072514,0.0001985958349137,2.4702137797967e-06,4.5218799298893,0,-1.5960286544194,374.8970414242,0.00019857923174856,374.91043743148
0.315,0.0079814956193423,0.00020184383835785,2.5136182012921e-06,4.5302480834836,0,-1.5965081451213,375.16687952502,0.00020182696578344,375.18008970879
0.32,0.0093432040271638,0.00020509274439718,2.5562975184794e-06,4.5356843603448,0,-1.5961406292108,375.32067899447,0.00020507561092703,375.33369369615
0.325,0.010858910196499,0.00020834250874863,2.5982518741427e-06,4.5383267845378,0,-1.5949664559971,375.3641427493,0.00020832512293747,375.37695533804
0.33,0.012514828324266,0.00021159308423974,2.6394868194159e-06,4.53832524892,0,-1.5930375322205,375.3033247114,0.00021157545460537,375.31592405286
0.335,0.014330424963943,0.00021484450207046,2.6799405071327e-06,4.5355784752493,0,-1.5903337145048,375.13446891076,0.00021482663793437,375.14684473534
0.34,0.016308942538378,0.00021809675091485,2.7195876625025e-06,4.5301218634558,0,-1.5868687056896,374.85893399821,0.00021807866193004,374.87107609616
0.345,0.018463220719237,0.00022134983919288,2.75838530953e-06,4.52192475542,0,-1.5826335516257,374.47537016427,0.00022133153555571,374.48727345233
0.35,0.02077949579037,0.00022460371563988,2.7963459354296e-06,4.5111592734099,0,-1.5776828211248,373.99030204771,0.00022458520738326,374.00195991168
0.355,0.023270772301257,0.00022785840568567,2.8334090507981e-06,4.4977390671177,0,-1.5720049927325,373.40008750388,0.00022783970358438,373.41148970976
0.36,0.025986498231782,0.00023111400299295,2.8694446211274e-06,4.4813516394321,0,-1.565486101179,372.69210154141,0.00023109511942021,372.7032601592
0.365,0.028987976262604,0.00023437065464979,2.904264430251e-06,4.4615386673,0,-1.5580299211652,371.847905184,0.00023435160428496,371.85882069504
0.37,0.032268294422093,0.00023762831335675,2.9378706927667e-06,4.4384786961338,0,-1.5496837961577,370.8737573679,0.00023760911077897,370.88443415603
0.375,0.035797732058477,0.00024088688750536,2.9703142743318e-06,4.4124930839408,0,-1.5405490666735,369.78146076496,0.00024086754657463,369.79189498409
0.38,0.039548859251242,0.0002441462920033,3.0016444832892e-06,4.3838811477977,0,-1.5307075393754,368.5819477127,0.00024412682587407,368.59213864375
0.385,0.043519230744754,0.00024740651719692,3.0318368811975e-06,4.3526936350564,0,-1.5201804516652,367.27630576298,0.00024738693922521,367.28625027555
0.39,0.047750359278859,0.00025066765624191,3.0607592303716e-06,4.3186446280251,0,-1.5088753068055,365.85210378303,0.00025064798129718,365.86181585945
0.395,0.052230482154661,0.00025392966184778,3.0884236189371e-06,4.2819156954186,0,-1.4968546301584,364.31539777899,0.00025390990450992,364.32488429062
0.4,0.056943251528808,0.00025719248238363,3.1148482896452e-06,4.2427018274245,0,-1.4841863116967,362.67278281983,0.00025717265685859,362.68204494661
0.405,0.061887402473678,0.00026045610107964,3.1400151021605e-06,4.2010838218154,0,-1.4708811022548,360.926251635,0.0002604362216342,360.93530012126
0.41,0.067069939657515,0.00026372053521668,3.1638687361761e-06,4.1570461032441,0,-1.4569466192417,359.07382744605,0.00026370061661309,359.082669648
0.415,0.072475159779248,0.00026698572792145,3.1864385975124e-06,4.1108079980835,0,-1.4424441790696,357.12296431495,0.00026696578437657,357.13160850845
0.42,0.078079485995309,0.00027025160443892,3.2077783302538e-06,4.0626417387436,0,-1.4274549616924,355.08335090276,0.00027023164933292,355.09180199582
0.425,0.083860177590451,0.00027351809209555,3.2279434814862e-06,4.0128091527877,0,-1.4120520883459,352.96438086649,0.00027349813795555,352.97264418328
0.43,0.089803617967429,0.00027678514901965,3.2469576581716e-06,3.9614710961535,0,-1.3962834630424,350.77141933041,0.00027676520790576,350.77949897795
0.435,0.095913917961822,0.00028005278213812,3.2647891145892e-06,3.9086329921413,0,-1.3801465690042,348.50342991,0.00028003286629411,348.51133631128
0.44,0.10217803300215,0.00028332094711259,3.2814669038578e-06,3.8544629671745,0,-1.3636929405325,346.16613284697,0.00028330106824205,346.1738737829
0.445,0.10857760214648,0.00028658958463308,3.2970406790899e-06,3.7991737288657,0,-1.3469856432859,343.76722589676,0.00028656975366466,343.77480723483
0.45,0.11509531781181,0.00028985863857165,3.311559492668e-06,3.7429644659919,0,-1.3300798288355,341.31399229207,0.00028983886567733,341.32141993387
0.455,0.12171617702436,0.0002931280600263,3.3250665713512e-06,3.68600845651,0,-1.3130227689135,338.81277171791,0.00029310835470029,338.82005197746
0.46,0.12842691996398,0.00029639780625687,3.3376001717116e-06,3.6284574210196,0,-1.2958573157181,336.26912394797,0.00029637817738331,336.27626274724
0.465,0.13521439371134,0.00029966783443392,3.3492012129247e-06,3.570459956121,0,-1.2786247379781,333.68861127663,0.0002996482902676,333.6956142901
0.47,0.14206603899483,0.00030293810375692,3.3599104812353e-06,3.5121552119421,0,-1.2613637218859,331.07652890525,0.00030291865193697,331.0834014136
0.475,0.14897014612265,0.00030620857607159,3.3697676545896e-06,3.4536712288824,0,-1.2441094879138,328.43782723594,0.00030618922364641,328.44457427885
0.48,0.15591621841459,0.00030947921732524,3.3788091935714e-06,3.3951208512137,0,-1.2268930643499,325.77692273269,0.00030945997080067,325.78354905138
0.485,0.16289521122919,0.00031274999799791,3.3870674783779e-06,3.3366008255487,0,-1.2097404880303,323.09764086936,0.00031273086339363,323.10415129748
0.49,0.16989806177408,0.00031602088841359,3.3945767650145e-06,3.278205950493,0,-1.1926776635161,320.40383253499,0.00031600187125371,320.41023155064
0.495,0.17691611403845,0.00031929186015196,3.4013712891947e-06,3.2200249062631,0,-1.1757285245058,317.69918769432,0.00031927296547701,317.70547950411
0.5,0.18394131049514,0.0003225628866635,3.4074843367056e-06,3.1621385785707,0,-1.15891460778,314.98715419053,0.00032254411905238,314.99334279971
0.505,0.19096622346857,0.00032583394343293,3.4129478843347e-06,3.1046197689202,0,-1.1422551114885,312.27091601911,0.00032581530702846,312.27700524752
0.51,0.19798401793356,0.00032910500786322,3.417792616958e-06,3.0475337307702,0,-1.1257670930677,309.55340835683,0.00032908650639688,309.55940183909
0.515,0.20498840623246,0.00033237605912453,3.4220480037691e-06,2.9909387965675,0,-1.1094656368465,306.83733717753,0.00033235769594003,306.84323836921
0.52,0.21197360782031,0.00033564707802165,3.4257423613752e-06,2.934886939753,0,-1.0933640118156,304.12519648589,0.00033562885609716,304.13100867194
0.525,0.21893431414384,0.00033891804688005,3.4289029011255e-06,2.8794242715344,0,-1.0774738164658,301.41928309007,0.00033889996884954,301.42500939356
0.53,0.22586565717098,0.00034218894944503,3.4315557673348e-06,2.8245914903235,0,-1.0618051114565,298.72170968212,0.00034217101761866,298.72735307268
0.535,0.23276318053384,0.00034545977078978,3.4337260710932e-06,2.7704242959971,0,-1.0463665422134,296.03441676064,0.00034544198717337,296.03998006257
0.54,0.23962281271488,0.00034873049723001,3.4354379220413e-06,2.71695377553,0,-1.0311654530649,293.35918368398,0.00034871286354379,293.36466958391
0.545,0.24644084196865,0.00035200111624425,3.4367144591504e-06,2.6642067634481,0,-1.0162079935437,290.69763900361,0.00035198363394065,290.70305005793
0.55,0.25321389279839,0.00035527161639903,3.4375778809233e-06,2.6122061791433,0,-1.0014992177942,288.05127016106,0.00035525428667976,288.05660880298
0.555,0.25993890386449,0.00035854198727849,3.4380494751509e-06,2.5609713424786,0,-0.98704317742279,285.42143260198,0.00035852481111081,285.42670114819
0.56,0.26661310722835,0.00036181221941829,3.4381496482485e-06,2.510518268856,0,-0.97284300795207,282.80935834697,0.00036179519755047,282.81455900407
0.565,0.2732340088492,0.00036508230424338,3.4378979541592e-06,2.4608599448215,0,-0.95890100951559,280.21616405311,0.00036506543721947,280.22129892366
0.57,0.27979937025868,0.00036835223400947,3.4373131227899e-06,2.4120065852176,0,-0.94521872195584,277.6428585961,0.00036833552218329,277.64792968437
0.575,0.28630719134402,0.00037162200174808,3.4364130879521e-06,2.3639658728716,0,-0.93179699462164,275.09035020053,0.00037160544529649,275.09535941797
0.58,0.29275569417486,0.00037489160121472,3.4352150147766e-06,2.3167431817712,0,-0.91863605120159,272.55945314457,0.0003748752001503,272.56440231492
0.585,0.29914330781269,0.00037816102684034,3.4337353265769e-06,2.2703417846527,0,-0.90573554973791,270.05089406302,0.00037814478102324,270.05578492728
0.59,0.30546865404554,0.00038143027368553,3.4319897311399e-06,2.2247630458949,0,-0.89309463862913,267.56531787234,0.00038141418283487,267.57015209327
0.595,0.31173053399382,0.00038469933739766,3.4299932464248e-06,2.1800066005802,0,-0.8807120079473,265.10329333863,0.00038468340110216,265.10807250516
0.6,0.31792791553645,0.00038796821417043,3.4277602256566e-06,2.1360705205509,0,-0.86858593723624,262.66531830963,0.00038795243189854,262.67004394094
0.605,0.32405992150907,0.00039123690070601,3.4253043818047e-06,2.0929514682534,0,-0.85671433967685,260.25182462978,0.00039122127181542,260.25649817918
0.61,0.33012581862932,0.0003945053941794,3.4226388114337e-06,2.0506448391263,0,-0.84509480254569,257.86318275672,0.00039448991792606,257.86780561525
0.615,0.33612500710636,0.00039777369220501,3.4197760179258e-06,2.0091448932564,0,-0.83372462479398,255.49970609628,0.00039775836775157,255.50427959619
0.62,0.34205701089465,0.00040104179280526,3.416727934069e-06,1.9684448769883,0,-0.82260085153405,253.16165507252,0.00040102661922905,253.16618049044
0.625,0.34792146855384,0.00040430969438109,3.4135059440114e-06,1.9285371351414,0,-0.81172030569243,250.84924094783,0.00040429467068165,250.85371950782
0.63,0.35371812467943,0.00040757739568435,3.4101209045801e-06,1.8894132144501,0,-0.80107961711087,248.56262940774,0.00040756252079044,248.56706228417
0.635,0.35944682187032,0.00041084489579186,3.4065831659718e-06,1.8510639588143,0,-0.79067524935288,246.30194392424,0.0004108301685681,246.30633224443
0.64,0.36510749320163,0.00041411219408103,3.4029025918151e-06,1.8134795969124,0,-0.78050352401294,244.06726891014,0.00041409761333412,244.07161375689
0.645,0.37070015517301,0.00041737929020713,3.3990885786125e-06,1.7766498226979,0,-0.77056064327295,241.85865267698,0.00041736485469164,241.86295509097
0.65,0.37622490110427,0.00042064618408185,3.3951500745694e-06,1.74056386927,0,-0.76084271011343,239.67611020784,0.0004206318925057,239.68037118981
0.655,0.38168189495166,0.0004239128758533,3.3910955978167e-06,1.7052105765836,0,-0.75134574721337,237.51962575578,0.00042389872688284,237.52384626864
0.66,0.38707136552014,0.00042717936588719,3.3869332540361e-06,1.6705784534287,0,-0.74206571363316,235.38915527829,0.00042716535815199,235.39333624911
0.665,0.39239360104779,0.00043044565474932,3.3826707535001e-06,1.6366557340916,0,-0.7329985205376,233.28462871731,0.00043043178684662,233.28877103912
0.67,0.39764894414038,0.00043371174318908,3.3783154275326e-06,1.6034304300774,0,-0.72414004496244,231.20595213386,0.00043369801368794,231.21005666743
0.675,0.40283778703508,0.00043697763212405,3.3738742444086e-06,1.5708903772556,0,-0.71548614259641,229.15300970594,0.00043696403956923,229.15707728139
0.68,0.40796056717378,0.00044024332262561,3.3693538246962e-06,1.5390232787622,0,-0.70703265930677,227.12566559771,0.00044022986554118,227.12969701605
0.685,0.41301776306726,0.00044350881590545,3.3647604560577e-06,1.507816743971,0,-0.69877544122093,225.12376570765,0.00044349549279816,225.12776174222
0.69,0.41800989043297,0.00044677411330298,3.3601001075242e-06,1.4772583238347,0,-0.69071034430241,223.14713930278,0.00044676092266538,223.1511007006
0.695,0.42293749858975,0.00045003921627357,3.3553784432496e-06,1.4473355428603,0,-0.68283324254848,221.19560054582,0.0004500261565869,221.19952802887
0.7,0.42780116709415,0.00045330412637754,3.3506008357639e-06,1.4180359279829,0,-0.67514003535652,219.26894992157,0.00045329119611442,219.27284418802
0.705,0.43260150260367,0.00045656884526992,3.3457723787346e-06,1.3893470345721,0,-0.66762665432786,217.36697556873,0.00045655604289685,217.37083729402
0.71,0.43733913595316,0.00045983337469085,3.3408978992506e-06,1.3612564697955,0,-0.66028906900299,215.48945452257,0.00045982069867051,215.49328436049
0.715,0.44201471943143,0.00046309771645667,3.3359819696409e-06,1.3337519135438,0,-0.65312329217278,213.63615387395,0.00046308516525006,213.63995245767
0.72,0.44662892424592,0.0004663618724516,3.3310289188441e-06,1.3068211371148,0,-0.64612538429862,211.80683184983,0.00046634944451996,211.8105997928
0.725,0.45118243816387,0.00046962584461997,3.3260428433369e-06,1.2804520198299,0,-0.63929145770182,210.00123881978,0.00046961353842665,210.00497671666
0.73,0.4556759633192,0.00047288963495901,3.3210276176399e-06,1.2546325637553,0,-0.63261767988452,208.21911823319,0.00047287744897109,208.22282666066
0.735,0.46011021417494,0.00047615324551213,3.3159869044094e-06,1.229350906678,0,-0.62610027656027,206.46020749129,0.00047614117820196,206.46388700886
0.74,0.46448591563156,0.00047941667836268,3.3109241641313e-06,1.204595333484,0,-0.61973553411833,204.72423875796,0.0004794047282093,204.72788990867
0.745,0.46880380127223,0.00048267993562818,3.3058426644269e-06,1.1803542860695,0,-0.61351980191937,203.01093971309,0.00048266810111854,203.01456302428
0.75,0.47306461173643,0.00048594301945486,3.3007454889847e-06,1.1566163719089,0,-0.60744949388302,201.32003425207,0.00048593129908505,201.32363023602
0.755,0.47726909321406,0.00048920593201274,3.2956355461311e-06,1.1333703713967,0,-0.60152109005305,199.65124313468,0.00048919432428902,199.65481228922
0.76,0.48141799605229,0.00049246867549098,3.2905155770506e-06,1.1106052440665,0,-0.5957311376567,198.00428458646,0.00049245717893073,198.00782739559
0.765,0.48551207346828,0.00049573125209355,3.2853881636665e-06,1.0883101337855,0,-0.59007625204633,196.37887485566,0.00049571986522618,196.38239179008
0.77,0.48955208036099,0.00049899366403535,3.2802557361985e-06,1.066474373018,0,-0.58455311714219,194.77472872837,0.00049898238540304,194.77822024603
0.775,0.49353877221576,0.00050225591353847,3.2751205804005e-06,1.0450874862381,0,-0.57915848601835,193.19156000453,0.00050224474169691,193.19502655116
0.78,0.49747290409595,0.00050551800282884,3.2699848444992e-06,1.0241391925732,0,-0.57388918094312,191.62908193739,0.00050550693634786,191.63252394695
0.785,0.50135522971578,0.00050877993413315,3.2648505458367e-06,1.0036194077463,0,-0.56874209346014,190.08700763851,0.00050876897159723,190.09042553361
0.79,0.50518650058948,0.00051204170967591,3.2597195772301e-06,0.98351824538531,0,-0.5637141840581,188.56505045056,0.00051203084968474,188.56844464298
0.795,0.50896746525156,0.00051530333167688,3.2545937130616e-06,0.96382601776051,0,-0.55880248218851,187.0629242902,0.00051529257284576,187.06629518117
0.8,0.51269886854372,0.00051856480234863,3.2494746151033e-06,0.94453323600414,0,-0.55400408552326,185.5803439625,0.00051855414330885,185.5836919432
0.805,0.51638145096406,0.00052182612389431,3.2443638380908e-06,0.92563060986696,0,-0.54931615938673,184.11702544921,0.00052181556329349,184.1203509011
0.81,0.5200159480744,0.00052508729850565,3.2392628350562e-06,0.90710904705783,0,-0.54473593639019,182.67268617233,0.00052507683500801,182.67598946746
0.815,0.52360308996202,0.00052834832836111,3.2341729624225e-06,0.88895965220899,0,-0.54026071534385,181.24704523446,0.00052833796064769,181.25032673587
0.82,0.52714360075204,0.00053160921562418,3.2290954848784e-06,0.87117372550953,0,-0.53588786065275,179.83982363789,0.00053159894239306,179.84308369987
0.825,0.53063819816719,0.00053486996244187,3.2240315800329e-06,0.85374276104243,0,-0.53161480133867,178.45074448329,0.00053485978240831,178.45398345169
0.83,0.53408759313174,0.00053813057094334,3.2189823428654e-06,0.83665844486073,0,-0.52743903001265,177.07953314974,0.00053812048283988,177.0827513623
0.835,0.53749248941653,0.00054139104323863,3.2139487899752e-06,0.81991265283141,0,-0.5233581020689,175.7259174573,0.00054138104581521,175.72911524384
0.84,0.54085358332236,0.00054465138141757,3.208931863638e-06,0.80349744827789,0,-0.51936963437882,174.38962781302,0.00054464147344155,174.3928054958
0.845,0.54417156339911,0.00054791158754872,3.2039324356817e-06,0.78740507944602,0,-0.51547130433563,173.07039734192,0.00054790176780495,173.07355523582
0.85,0.54744711019806,0.00055117166367857,3.1989513111833e-06,0.77162797681789,0,-0.51166084876355,171.76796200362,0.00055116193096932,171.77110041642
0.855,0.55068089605507,0.00055443161183066,3.193989231997e-06,0.75615875029488,0,-0.5079360627201,170.48206069584,0.00055442196497568,170.48517992838
0.86,0.55387358490252,0.00055769143400494,3.1890468801209e-06,0.74099018626975,0,-0.50429479833428,169.21243534549,0.00055768187184135,169.21553569197
0.865,0.55702583210787,0.00056095113217712,3.1841248809054e-06,0.72611524460613,0,-0.50073496360792,167.95883098839,0.00056094165355939,167.96191273653
0.87,0.56013828433696,0.00056421070829818,3.1792238061166e-06,0.71152705554231,0,-0.49725452135061,166.72099583839,0.00056420131209802,166.72405926963
0.875,0.56321157944027,0.00056747016429392,3.1743441768521e-06,0.69721891653293,0,-0.49385148784069,165.49868134647,0.0005674608494002,165.50172673616
0.88,0.56624634636035,0.00057072950206454,3.1694864663227e-06,0.68318428904418,0,-0.49052393168979,164.29164225079,0.00057072026738317,164.29466986842
0.885,0.56924320505897,0.00057398872348436,3.1646511025019e-06,0.66941679531238,0,-0.48726997260971,163.09963661828,0.00057397956793816,163.10264672759
0.89,0.57220276646239,0.00057724783040158,3.1598384706481e-06,0.65591021507896,0,-0.48408778041971,161.92242587822,0.00057723875293013,161.92541873739
0.895,0.57512563242346,0.00058050682463802,3.1550489157107e-06,0.64265848231208,0,-0.48097557357719,160.75977484866,0.00058049782419755,160.76275071047
0.9,0.57801239569909,0.00058376570798904,3.1502827446148e-06,0.629655681921,0,-0.47793161822236,159.61145175605,0.00058375678355223,159.61441086805
0.905,0.58086363994209,0.00058702448222342,3.1455402284417e-06,0.61689604647584,0,-0.47495422682565,158.47722824867,0.00058701563277924,158.48017085334
0.91,0.58367993970602,0.00059028314908328,3.1408216044997e-06,0.60437395293615,0,-0.47204175725085,157.35687940437,0.00059027437363684,157.35980573922
0.915,0.58646186046214,0.00059354171028412,3.1361270782962e-06,0.59208391939659,0,-0.46919261149699,156.25018373297,0.00059353300785643,156.25309403069
0.92,0.58920995862732,0.00059680016751478,3.1314568254122e-06,0.5800206018554,0,-0.4664052345625,155.15692317382,0.00059679153714263,155.15981766243
0.925,0.59192478160214,0.00060005852243755,3.1268109932847e-06,0.56817879101047,0,-0.46367811333946,154.07688308891,0.00060004996317325,154.0797619919
0.93,0.59460686781815,0.00060331677668823,3.1221897029019e-06,0.55655340908768,0,-0.46100977567537,153.00985225197,0.00060330828759946,153.01271578836
0.935,0.59725674679358,0.00060657493187625,3.1175930504133e-06,0.54513950670585,0,-0.45839878905353,151.95562283364,0.00060656651204585,151.95847121818
0.94,0.59987493919662,0.00060983298958485,3.1130211086592e-06,0.53393225978117,0,-0.45584375976295,150.91399038347,0.00060982463811057,150.91682382669
0.945,0.60246195691578,0.00061309095137119,3.108473928624e-06,0.5229269664747,0,-0.45334333169058,149.88475380857,0.00061308266736554,149.88757251692
0.95,0.60501830313633,0.00061634881876659,3.1039515408153e-06,0.51211904418504,0,-0.45089618553697,148.86771534964,0.00061634060135657,148.87051952559
0.955,0.60754447242253,0.00061960659327669,3.0994539565734e-06,0.50150402658947,0,-0.44850103754144,147.86268055425,0.00061959844160363,147.86547039639
0.96,0.61004095080491,0.00062286427638175,3.0949811693146e-06,0.4910775607341,0,-0.44615663876611,146.86945824796,0.00062285618960106,146.8722339511
0.965,0.61250821587199,0.0006261218695368,3.0905331557094e-06,0.48083540417557,0,-0.44386177396805,145.88786050326,0.00062611384681778,145.89062225851
0.97,0.61494673686615,0.000629379374172,3.0861098767994e-06,0.47077342217473,0,-0.44161526075506,144.9177026066,0.00062937141469759,144.92045060151
0.975,0.617356974783,0.0006326367916928,3.081711279059e-06,0.46088758494574,0,-0.43941594868706,143.95880302389,0.00063262889465941,143.9615374425
0.98,0.61973938247389,0.00063589412348033,3.077337295398e-06,0.45117396495664,0,-0.43726271841596,143.01098336439,0.00063588628809757,143.01370438732
0.985,0.62209440475114,0.00063915137089162,3.0729878461143e-06,0.441628734288,0,-0.43515448060702,142.07406834329,0.00063914359638213,142.07677614782
0.99,0.62442247849567,0.00064240853525991,3.0686628397943e-06,0.43224816204467,0,-0.43309017547734,141.14788574321,0.00064240082085914,141.15058050336
0.995,0.62672403276657,0.00064566561789498,3.0643621741669e-06,0.42302861182457,0,-0.43106877156345,140.23226637458,0.00064565796285096,140.23494826122
1,0.62899948891242,0.00064892262008348,3.0600857369099e-06,0.41396653924249,0,-0.42908926525996,139.32704403527,0.00064891502365659,139.32971321617
